"Category","Marks","Question","Answer"
"సూర్యకుటుంబం","100","సూర్య కుటుంబంలో భూమి సూర్యుడి నుండి ఎన్నో గ్రహం?","భూమి సూర్యుడి నుండి మూడో గ్రహం"
"సూర్యకుటుంబం","200","సూర్య కుటుంబంలో అన్నిటికన్నా పెద్ద గ్రహం ఏది? తెలుగు పేరు చెప్పాలి","సూర్య కుటుంబంలో అన్నిటికన్నా పెద్ద గ్రహం గురుడు లేక బృహస్పతి"
"సూర్యకుటుంబం","300","సూర్యుడికి అతి దగ్గిరగా ఉన్న గ్రహం ఏమిటి? తెలుగు పేరు చెప్పాలి","సూర్యుడికి అతి దగ్గిరగా ఉన్న గ్రహం బుధుడు"
"సూర్యకుటుంబం","400","గ్రహాలలో మామూలుగా చాలా ప్రకాశవంతంగా కనిపించే గ్రహం ఏది? తెలుగు పేరు చెప్పాలి","గ్రహాలలో మామూలుగా చాలా ప్రకాశవంతంగా కనిపించే గ్రహం శుక్ర గ్రహం"
"సూర్యకుటుంబం","500","భారత దేశము !2/5 గ్రహానికి పంపిన యంత్రాన్ని భారతీయ భాషల్లో పమంటారు?","భారత దేశము !2/5 గ్రహానికి పంపిన యంత్రాన్ని మంగల్‌ యాన్‌ అంటారు"
"సుమతిశతకం","100","తలగ నటల","చెఅకుగడ రుచి తియ్యగా ఉంటుంది."
"సుమతిశతకం","100","శతకంలో సాధారణంగా ఎన్ని పద్యాలు ఉంటాయి?","శతకంలో సాధారణంగా వంద లేదా నూట ఎనిమిది పద్యాలు ఉంటాయి."
"సుమతిశతకం","200","అలయం వబీలయ వదం మేబిడి కొరవ అవుతాయి?","చీమలు పెట్టిన పుట్టలు పాములకు నివాసం అవుతాయి."
"సుమతిశతకం","200","చీమలు పెట్టిన","చీమలు పెట్టిన పుట్టలు."
"సుమతిశతకం","300","హేమము - అర్ధం చెప్పండి.","హేమము - అర్ధం -బంగారం."
"సుమతిశతకం","300","మావటి వాడెక్కినట్లు","మావటి వాడెక్కినట్లు మహిలో సుమతీ."
"సుమతిశతకం","400","ఖలునకు నిలువెల్ల పముంటుంది?","ఖలునకు నిలువెల్ల విషము ఉంటుంది."
"సుమతిశతకం","400","సుమతి శతకం ఎవరు రచించారు?","సుమతి శతకం బద్దెన రచించారు."
"సుమతిశతకం","500","నీళ్లలోన మొసలి నిగిడి","నిళ్లలొన ముసలి నిగద 'వనుగు' పట్టు."
"సుమతిశతకం","500","వెలయంగా దోక నుండు వృశ్చికమునకున్‌. వృశ్చికము అంటే ఏమిటి?","వృశ్చికము అంటే తేలు."
"సాహిత్యం","100","'115460౧7' ను తెలుగులో ఏమంటారు?","'11560౧/”' ను తెలుగులో 'చరిత్ర' అంటారు."
"సాహిత్యం","200","'My Experiments with Truth' వ్రాసినది ఎవరు?","'My Experiments with Truth' వ్రాసినది మహాత్మా గాంధీ గారు."
"సాహిత్యం","200","మా తెలుగుతల్లికి మల్లె పూదండ ఎవరు రాశారు?","మా తెలుగుతల్లికి మల్లె పూదండ వ్రాసిన వారు: శంకరంబాడి సుందరాచారి."
"సాహిత్యం","300","సాహిత్యంలో నోబెల్‌ బహుమతి వచ్చిన భారతీయుడు ఎవరు?","సాహిత్యంలో నోబెల్‌ బహుమతి వచ్చిన భారతీయుడు 'ఠాగోర్‌ / రజీంద్రనాథ్‌ ఠాగోర్‌ / రవీంద్రనాథ్‌ ఠాగోర్‌.'"
"సాహిత్యం","300","తెలుగులో ఆదికవి అని ఎవరిని అంటారు?","తెలుగులో ఆదికవి అని నన్నయని అంటారు."
"సాహిత్యం","400","'నేను సైతం ప్రపంచాగ్నికి సమిధ నొక్కటి ఆహుతిచ్చాను!' - అని వ్రాసింది ఎవరు?","'నేను సైతం ప్రపంచాగ్నికి సమిధ నొక్కటి ఆహుతిచ్చాను!' - అని వ్రాసింది శ్రీ శ్రీ (శ్రీరంగం శ్రీనివాసరావు)."
"సాహిత్యం","400","'దేశమును ప్రేమించుమన్నా' మొదటి నాలుగు వరసలు చెప్పండి.","మంచియన్నది పెంచుమన్నా/వట్టిమాటలు కట్టిపెట్టోయ్‌/గట్టిమేల్‌ తలపెట్టవోయ్‌."
"సాహిత్యం","500","కాళిదాసు రచించిన ముఖ్యమైన నాటకాలలో ఒకటి చెప్పండి?","కాళిదాసు రచించిన ముఖ్యమైన నాటకాలు: మాళవికాగ్నిమిత్రము, విక్రమోర్వశీయము మరియు అభిజ్ఞాన శాకుంతలము."
"సాహిత్యం","500","అవధానం లో ఏకాగ్రతను భంగ పరచడానికి మధ్య మధ్యలో మాట్లాడే పృచ్చకుడిని పమంటారు?","అవధానం లో ఏకాగ్రతను భంగ పరచడానికి మధ్య మధ్యలో మాట్లాడే పృచ్చకుడిని అప్రస్తుత ప్రసంగి అంటారు."
"సామెతలు","100","పిట్ట కొంచెం సామెతను పూరించండి.","పిట్ట కొంచెం కూత ఘనం."
"సామెతలు","100","'పొరుగింటి........... కి రుచెక్కువ' సామెతని పూరించండి.","పొరుగింటి పులకూరకి రుచెక్కువ."
"సామెతలు","100","కుక్క కాటుకి చెప్పేది ఏమిటి?","కుక్క కాటుకి చెప్పు దెబ్బ."
"సామెతలు","100","ఈ సామెతను పూరించండి: కుక్క తోక?","కుక్క తోక వంకర."
"సామెతలు","200","కుక్క కాటుకి?","కుక్క కాటుకి చెప్పు దెబ్బ."
"సామెతలు","200","అత్తలేని ఉత్తమురాలు","అత్తలేని ఉత్తమురాలు."
"సామెతలు","200","దూరపు కొండలు ఎలా ఉంటాయి?","దూరపు కొండలు నునుపుగా ఉంటాయి."
"సామెతలు","200","ఈ చిత్రం ఉన్న సామెత గుర్తించండి?","ఈ చిత్రంలో ఉన్న సామెత: ఇంట్లో పిల్లి, వీధిలో పులి."
"సామెతలు","300","దూరపు కొండలు ఎలా ఉంటాయి?","దూరపు కొండలు నునుపుగా ఉంటాయి."
"సామెతలు","300","అత్త మీద కోపం దీని మీద చూపించిందని సామెత.","అత్త మీద కోపం దుత్త మీద చూపించిందని సామెత."
"సామెతలు","300","పిట్ట కొంచెం సామెతను పూరించండి.","పిట్ట కొంచెం కూత ఘనం."
"సామెతలు","300","ఈ చిత్రంలో ఉన్న సామెత: ఒక దెబ్బకు రెందు పిట్టలు.","ఒక దెబ్బకు రెండు పిట్టలు."
"సామెతలు","400","మింగ మెతుకు లేదు మీసానికి నూనె.","మింగ మెతుకు లేదు మీసాలకి సంపెంగ నూనె."
"సామెతలు","400","'గంతకు తగ్గ' అనే సామెత.","గంతకు తగ్గ బలవంతుడు."
"సామెతలు","400","మింగ మెతుకు లేదు మీసానికి నూనె.","మింగ మెతుకు లేదు మీసాలకి సంపెంగ నూనె."
"సామెతలు","400","ఈ సామెతను పూరించండి; దూరపు?","దూరపు కొండలు నునుపు."
"సామెతలు","500","మెరిసేదంతా ఏమి కాదు?","మెరిసేదంతా మేలిమి/బంగారం కాదు."
"సామెతలు","500","హనుమంతుని ముందు ఈ గంతులు వేసినట్టు అని ఒక సామెత.","హనుమంతుని ముందు కుప్పి గంతులు వేసినట్టు."
"సామెతలు","500","మెరిసేదంతా?","మెరిసేదంతా మేలిమి/బంగారం కాదు."
"సామెతలు","500","ఈ చిత్రంలో ఉన్న సామెత: చెవిటి వాది ముందు శంఖం ఊదినట్లు.","చెవిటి వాది ముందు శంఖం ఊదినట్లు."
"సరిదిద్దండి","100","ఒకటి, రండు, నాలుగు, ఐదు.. సరి చేసి చెప్పండి.","ఒకటి, రెండు, మూడు, నాలుగు, ఐదు."
"సరిదిద్దండి","200","ఈ చిత్రంలో ఉన్నది 'పటక'. సరి చేసి చెప్పండి.","ఈ చిత్రంలో ఉన్నది 'పలక'."
"సరిదిద్దండి","300","'అమెరికా రాజధాని వాషింగ్రన్‌ రాష్ట్రంలో ఉన్నది.' - సరిచేసి చెప్పండి.","అమెరికా రాజధాని వాషింగ్రన్‌ డి.సి. ఇది రాష్ట్రం కాదు. రాజధాని నగరం మాత్రమే."
"సరిదిద్దండి","400","'ఉసిరికాయ తియ్యగా ఉంటుంది'. ఉసిరి రుచి సరియైనదా? లేకపోతే ఏమిటి అసలు రుచి?","కాదు, ఉసిరికాయ పుల్లగా, వగరుగా ఉంటుంది."
"సరిదిద్దండి","500","'సీత మొన్న వరంగల్‌ వెళ్తాడు' - ఈ వాక్యాన్ని సరిదిద్దండి.","సీత మొన్న వరంగల్‌ వెళ్ళింది / సీత రేపు వరంగల్‌ వెళ్తుంది."
"సమయం","100","రోజులో చంద్రుడు సాధారణంగా ఎప్పుడు కనిపిస్తాడు?","రోజులో చంద్రుడు సాధారణంగా రాత్రి భాగంలో కనిపిస్తాడు."
"సమయం","200","నిముషానికి ఎన్ని క్షణాలు? తెలుగులో చెప్పండి.","నిముషానికి అరవై క్షణాలు."
"సమయం","300","రోజుకు ఎన్ని గంటలు? తెలుగులో చెప్పండి.","రోజుకు ఇరవై నాలుగు గంటలు."
"సమయం","400","ఒక గంటలో ఎన్ని క్షణాలు ఉంటాయి?","ఒక గంటలో 3600 క్షణాలు ఉంటాయి."
"సమయం","500","సూర్య నమస్కారం ఎప్పుడు చేస్తారు?","ప్రొద్దున / సూర్యోదయం అప్పుడు చేస్తారు."
"సంఘసంస్కర్తలు","100","ఈశ ప్రముఖుడు ఎవరు?","ఈశ ప్రముఖుడు శ్రీ ద్రామతానికి చెందిన సంఘసంస్కర్త."
"సంఘసంస్కర్తలు","200","ఈ చిత్రము లోని సంఘ సంస్కర్త మలాలా యూసఫ్‌జూయ్‌.","మలాలా యూసఫ్‌జూయ్‌"
"సంఘసంస్కర్తలు","300","ఈ చిత్రము లోని వ్యక్తి గొప్ప సంఘ సంస్కర్త . ఆయన పేరు చెప్పండి.","ఈ చిత్రము లోని వ్యక్తి: 0/. అంబేద్కర్‌"
"సంఘసంస్కర్తలు","400","వితంతువులకు తిరిగి పెళ్ళి చెయ్యవచ్చు అంటూ పోరాడిన తెలుగు సంఘసంస్కర్త ఎవరు?","వితంతువులకు తిరిగి పెళ్ళి చెయ్యవచ్చు అంటూ పోరాడిన తెలుగు సంఘసంస్కర్త శ్రీ కందుకూరి వీరేశలింగం గారు"
"సంఘసంస్కర్తలు","500","రామ్‌ రహీమ్‌ ఏక్‌ హై - అంటే హిందూ ముస్లిం ఒక్కటే అని చెప్పిన కవి, ఈ చిత్రంలో చూపిన సంఘసంస్కర్త ఎవరు?","రామ్‌ రహీమ్‌ పక్‌ హై - అని చెప్పిన కవి, సంఘసంస్కర్త ; కబీర్‌ దాస్‌."
"సంఘంలోవ్యక్తులు","100","బడిలో చదువు చెప్పేది ఎవరు?","గురువు"
"సంఘంలోవ్యక్తులు","100","౧౦|106ని తెలుగులో పమంటారు?","రక్షకభటులు"
"సంఘంలోవ్యక్తులు","100","ఈ చిత్రంలోని వ్యక్తి పేరు ఏమిటి?","గాంధీజీ"
"సంఘంలోవ్యక్తులు","100","బొమ్మలు గీసేవారిని తెలుగులో ఏమంటారు?","చిత్రకారుడు / చిత్రకారిణి"
"సంఘంలోవ్యక్తులు","100","బంగారు ఆభరణాలు చేసే వాడు ఎవరు?","కంసాలి/స్వర్ణకారుడు"
"సంఘంలోవ్యక్తులు","100","మగ్గంపై చేసే వృత్తిపనిని ఏమని అంటారు?","చేనేతవృత్తి"
"సంఘంలోవ్యక్తులు","100","దేశంకోసం యుద్ధంలో పోరాడేవారు ఎవరు?","సైనికులు"
"సంఘంలోవ్యక్తులు","100","'స్నేహితుడు' అంటే ఆంగ్లంలో ఏమంటారు?","Friend"
"సంఘంలోవ్యక్తులు","200","తోటలో మొక్కలు చూసుకునేవాడు ఎవరు?","తోటమాలి"
"సంఘంలోవ్యక్తులు","200","బట్టలు కుట్టే వ్యక్తిని ఏమంటారు?","దర్జీ / దర్జిపని చేసే వ్యక్తి"
"సంఘంలోవ్యక్తులు","200","అమెరికా అధ్యక్షుడు ఎవరు?","బరాక్‌ ఒబామా"
"సంఘంలోవ్యక్తులు","200","కవిత్వం చెప్పే వారిని తెలుగులో ఏమంటారు?","కవులు / కవయిత్రులు"
"సంఘంలోవ్యక్తులు","200","ఈ బొమ్మలోని వృత్తి పని చేసేవారు ఎవరు?","కుమ్మరి"
"సంఘంలోవ్యక్తులు","200","పద్యాలు, పాటలు, కవితలు వ్రాసేవారిని ఏమంటారు?","పాటల రచయిత(త్రి) / కవి(యిత్రి)"
"సంఘంలోవ్యక్తులు","200","నదులపై ఆనకట్ట కట్టేవాడు ఎవరు? ఆంగ్లములో చెప్పవచ్చు.","ఇంజనీరు"
"సంఘంలోవ్యక్తులు","200","ఉపాధ్యాయుడు తరగతిలో పిల్లలకు ఏమి చేస్తారు?","విద్య నేర్పుతారు"
"సంఘంలోవ్యక్తులు","300","జుట్టు కత్తిరించే వారిని ఏమంటారు?","మంగలి"
"సంఘంలోవ్యక్తులు","300","ఛాయాచిత్రాలను తీసే వారిని ఏమంటారు? ఆంగ్లంలో చెప్పవచ్చు.","ఫొటోగ్రాఫర్‌"
"సంఘంలోవ్యక్తులు","300","పుస్తకం చదివే వారిని ఏమంటారు?","పాఠకులు"
"సంఘంలోవ్యక్తులు","300","౧65166౧ ను తెలుగులో ఏమంటారు?","అధ్యక్షుడు / రాష్ట్రపతి"
"సంఘంలోవ్యక్తులు","400","ఆరోగ్య సమస్యలు తీర్చే వ్యక్తి ఎవరు?","వైద్యుడు"
"సంఘంలోవ్యక్తులు","400","వడ్రంగి చేసే పని ఏమిటి?","కొయ్యపని"
"సంఘంలోవ్యక్తులు","400","భారత ప్రథమ ప్రధాని ఎవరు?","జవహర్ లాల్ నెహ్రూ"
"సంఘంలోవ్యక్తులు","400","'౧౧౪ ను తెలుగులో ఏమంటారు?","వంటపెద్ద / వంటవాడు"
"సంఘంలోవ్యక్తులు","400","నాటకం / సినిమా చూస్తున్నవారిని ఏమంటారు?","ప్రేక్షకులు"
"సంఘంలోవ్యక్తులు","400","వృత్తిపరంగా ఎవరిని అన్నదాత అని అంటారు?","వ్యవసాయదారుడు / రైతు"
"సంఘంలోవ్యక్తులు","400","వడ్రంగి దేనితో వస్తువులు తయారు చేస్తాడు?","చెక్క / ఉలి / ఛిత్రి"
"సంఘంలోవ్యక్తులు","500","గుడిలో పూజ చేయించేది ఎవరు?","పూజారి"
"సంఘంలోవ్యక్తులు","500","నేతాజీ అని ఎవరిని అంటారు?","సుభాష్ చంద్ర బోస్"
"సంఘంలోవ్యక్తులు","500","బస్సు, రైలు, విమానం వంటి వాహనాల్లో టిక్కెట్‌ కొనుక్కుని ఒబకచోటి నుండి మరొక చోటికి వెళ్ళేవారిని ఏమంటారు?","ప్రయాణీకులు"
"సంఘంలోవ్యక్తులు","500","చెక్క పని చేసేవారిని ఏమంటారు?","వడ్రంగి"
"సంఘంలోవ్యక్తులు","500","సమాధానం ఒప్పు లేదా తప్పు అని నిర్ణయించే వారిని ఏమంటారు?","న్యాయనిర్దేశకుడు / న్యాయాధికారి"
"సంఘంలోవ్యక్తులు","500","నావ / పడవ నడిపేవారిని ఏమంటారు?","నావికుడు / సారంగు"
"సంఘంలోవ్యక్తులు","500","ఈ చిత్రంలోని వ్యక్తి ఎవరు?","కుమ్మరి"
"శరీరభాగాలు","100","|120౧65 ను తెలుగులో పమంటారు?","చేతులు"
"శరీరభాగాలు","100","మనిషికి ఎన్ని చేతులు ఉంటాయి?","రెండు"
"శరీరభాగాలు","100","మనకు రుచి దేని వలన తెలుస్తుంది?","నాలుక"
"శరీరభాగాలు","100","లంగ్స్‌ ని తెలుగులో ఏమంటారు?","ఊపిరితిత్తులు / శ్వాసకోశాలు"
"శరీరభాగాలు","100","సూర్యుడిని నేరుగా చూడటం వల్ల ఏ అవయవం దెబ్బతింటుంది?","కళ్ళు"
"శరీరభాగాలు","100","గాలి పీల్చుకోవటానికి / వాసన చూడటానికి ఏ శరీరభాగం కావాలి?","ముక్కు"
"శరీరభాగాలు","100","మెడకి ఇంకో పేరు ఏమిటి?","కంఠం / గ్రీవము"
"శరీరభాగాలు","100","ఏ శరీర భాగంతో రుచి చూస్తాము?","నాలుక"
"శరీరభాగాలు","200","నువ్వు వేటితో చూడగలవు?","కళ్ళతో"
"శరీరభాగాలు","200","మనిషికి ఎన్నికాళ్ళు ఉంటాయి?","రెండు"
"శరీరభాగాలు","200","శిరము అంటే ఏ శరీర భాగము?","తల"
"శరీరభాగాలు","200","శిరముకి ఇంకొక పేరు చెప్పండి?","తల"
"శరీరభాగాలు","200","చేది, తీపి తేడా చెప్పే శరీరభాగం ఏమిటి?","నాలుక"
"శరీరభాగాలు","300","|9206 ను తెలుగులో పమంటారు?","ముఖము"
"శరీరభాగాలు","300","మనిషి గుండె ఏ వైపు ఉంటుంది?","ఎడమ వైపు"
"శరీరభాగాలు","300","కర్ణము అంటే ఏ శరీర భాగము?","చెవి"
"శరీరభాగాలు","300","ఆలోచనకి కేంద్రమైన శరీరభాగం ఏది?","మెదడు"
"శరీరభాగాలు","400","చెప్పులు దేనికి వేసుకుంటావు?","కాళ్ళకు"
"శరీరభాగాలు","400","మనిషికి చేతులకు మొత్తం ఎన్నివేళ్ళు ఉంటాయి?","పదివేళ్ళు"
"శరీరభాగాలు","400","5%! ని తెలుగులో ఏమని అంటారు?","పుర్రె / కపాలము"
"శరీరభాగాలు","500","వ్రాయడానికి కలాన్ని దేనితో పట్టుకొంటావు?","చేతితో / చేతివేళ్ళతో"
"శరీరభాగాలు","500","మనిషి గాలి పీలడానికి ఉపయోగపడే అవయవము ఏమిటి?","ముక్కు"
"శరీరభాగాలు","500","పాదం వెనుక భాగాన్ని పమంటారు?","మడమ"
"శరీరభాగాలు","500","చెవికి కమ్మలు లేదా కుండలాలు పెట్టుకునే భాగాన్ని పమంటారు?","తమ్మె"
"శరీరభాగాలు","500","వద్దాణము పెట్టుకునే శరీర భాగాన్ని పమంటారు?","నడుము"
"శరీరం","100","దుర్గంధాన్ని తెలియజేసే శరీరభాగం ఏది?","ముక్కు"
"శరీరం","200","అభయం లేక దీవెన ఇవ్వడానికి వాడే శరీరభాగం ఏది?","చేయి/హస్తం"
"శరీరం","300","పారాణి పెట్టుకునే భాగం ఏది?","పొదం"
"శరీరం","400","₹4106/064110515 వ్యాధిని తెలుగులో ఏమంటారు?","క్షయ వ్యాధి"
"శరీరం","500","ఈ బొమ్మ లో సూచించిన అవయవాన్ని తెలుగులో ఏమంటారు?","మూత్రపిండం"
"వ్యాకరణము","100","నామవాచకములో నామము అంటే ఏమిటి?","పేరు"
"వ్యాకరణము","100","నామవాచకములకు బదులుగా వాడే పదాలను ఏమని అంటారు?","సర్వనామములు"
"వ్యాకరణము","100","అచ్చులు 'అ' తో మొదలై, ఏ అక్షరంతో ముగుస్తాయి?","'అః'"
"వ్యాకరణము","100","వాక్యములో ప్రధాన భాగాలు ఏవి?","కర్త, కర్మ"
"వ్యాకరణము","100","గ,గా,గి, గీ... తరువాత ఏ రెండు గుణింతాలు వస్తాయి?","గు, గూ"
"వ్యాకరణము","100","బుద్ధిమంతురాలు అనేది ఏ లింగము?","స్త్రీలింగము"
"వ్యాకరణము","100","గత మూడు మాట్లాట పోటీలు విజయవంతంగా జరిగాయి. ఇది ఏ కాలం?","భూతకాలం"
"వ్యాకరణము","100","అలా ఎవరు చూస్తారు? ఇందులో 'ఎవరు' అనేది ఏ భాషా భాగం?","సర్వనామము"
"వ్యాకరణము","100","పూసలు కి ఏకవచనం ఏమిటి?","పూస"
"వ్యాకరణము","100","క్రింద కి వ్యతిరేకపదం ఏమిటి?","పైన"
"వ్యాకరణము","100","జామపండు కు బహువచనం ఏమిటి?","జామపళ్ళు"
"వ్యాకరణము","200","నా పుస్తకం చిరిగి పోయింది. ఈ వాక్యంలో 'పుస్తకం' ఏ వచనం లో ఉంది?","ఏకవచనం"
"వ్యాకరణము","200","క్రియకు ఎన్ని కాలాలు ఉన్నాయి?","మూడు (3) కాలాలు"
"వ్యాకరణము","200","తిను అనే పదము ఎటువంటి భాషాభాగము?","క్రియ"
"వ్యాకరణము","200","పాపాలు కు ఏకవచనం చెప్పండి.","పాపం"
"వ్యాకరణము","200","చెట్లను సూచించే లింగము ఏమిటి?","నపుంసక లింగము"
"వ్యాకరణము","200","కూతురుకి బహువచనం చెప్పండి.","కూతుళ్ళు"
"వ్యాకరణము","200","చిన్న అనే పదానికి వ్యతిరేకపదం ఏమిటి?","పెద్ద"
"వ్యాకరణము","200","ఇప్పుడు తిరకాటం ఆడుతున్నాను. ఈ వాక్యం ఏ కాలంలో ఉంది?","వర్తమాన కాలంలో"
"వ్యాకరణము","300","మనుష్యులు - ఏకవచనం ఏమిటి?","మనిషి"
"వ్యాకరణము","300","రాముడు మంచి బాలుడు, అతడు పెద్దల మాట వింటాడు. ఈ వాక్యంలో సర్వనామము గుర్తించండి.","అతడు"
"వ్యాకరణము","300","నష్టం అనే పదానికి వ్యతిరేకపదం ఏమిటి?","లాభం"
"వ్యాకరణము","300","నిన్న అన్నం తిన్నాను. ఈ వాక్యాన్ని భవిష్యత్‌ కాలంలో చెప్పండి.","రేపు అన్నం తింటాను"
"వ్యాకరణము","300","త్రాగి, తిని, పాడుతూ, వెళ్తూ అనే క్రియలు ఏ రకం క్రియలు?","అసమాపక క్రియలు"
"వ్యాకరణము","400","కొడుకు కి స్త్రీలింగము ఏమిటి?","కూతురు"
"వ్యాకరణము","400","మొన్న, అటుమొన్న పదాలు ఏ కాలాన్ని సూచిస్తాయి?","భూతకాలం"
"వ్యాకరణము","500","దేవుడు కి బహువచనం ఏమిటి?","దేవుళ్ళు"
"వ్యాకరణము","500","సర్వనామాలను వేటికి బదులుగా వాడతారు?","నామవాచకాలకు"
"వ్యాకరణం","100","'చీకటి' కి వ్యతిరేక పదం చెప్పండి.","'వెలుతురు / వెలుగు'"
"వ్యాకరణం","100","విద్య వలన జ్ఞానం వస్తుంది. ఇందులో ఉన్న విభక్తి ఏది?","పంచమీ విభక్తి"
"వ్యాకరణం","100","'భలే, ఎంత బాగా చేసావు!' - ఈ వాక్యంలో అవ్యయం గుర్తించండి.","'భలే'"
"వ్యాకరణం","200","ఒక హల్లుకి అదే హల్లు ఒత్తుగా వస్తే ఆ అక్షరాన్ని ఏమంటారు?","ద్విత్వాక్షరం"
"వ్యాకరణం","200","పుంలింగం, స్త్రీలింగం, నపుంసకలింగం కి వేరే పేర్లు ఏమిటి?","మహాద్వాచకం, మహాతీవాచకం, అమహద్వాచకం"
"వ్యాకరణం","200","'జల్లు చల్లగా ఉంది' - ఈ వాక్యంలో విశేషణానికి వ్యతిరేక పదం ఏమిటి?","వేడిగా"
"వ్యాకరణం","300","'వచ్చాడు' అనే క్రియను భవిష్యత్ కాలం, బహువచనం లో మార్చి చెప్పండి.","'వస్తాడు, వస్తారు'"
"వ్యాకరణం","300","'నేను ఇంట్లో లేను' - ఈ వాక్యంలో విభక్తి ప్రత్యయం గుర్తించండి.","'ఇంట్లో' అనగా షష్టీవిభక్తి"
"వ్యాకరణం","300","'నువ్వు ఇక్కడికి రాగ?' ఈ వాక్యాన్ని కర్త లేకుండా మార్చండి.","'ఇక్కడికి రాగ?'"
"వ్యాకరణం","400","'అల్లం అంటే నాకు తెలీదా బెల్లంలా పుల్లగా ఉంటుందన్నాడట' - ఈ వాక్యంలో నామవాచకాలు, విశేషణాలు గుర్తించండి.","నామవాచకాలు: అల్లం, బెల్లం; విశేషణం: పుల్లగా"
"వ్యాకరణం","400","'సపర్హులు' - ఏ సంధి?","సవర్హులు = సవర్హ + ఉలు (సవర్హ సంధి)"
"వ్యాకరణం","400","ఈ బొమ్మలో అన్నింటిని కలిపి ఏమని అంటారు?","విరామ చిహ్నాలు"
"వ్యాకరణం","500","'మహర్షి' ని విడదీసి ఏ సంధి చెప్పండి.","మహా + ఋషి = మహర్షి (గుణసంధి)"
"వ్యాకరణం","500","'ఇప్పుడు తింటున్న అన్నం రేపు జీర్ణం అవుతుంది.' - ఈ వాక్యంలో 'తింటున్న' ఏ భాషా భాగం?","క్రియాజన్య విశేషణం"
"వ్యాకరణం","500","'అనూష ఇప్పుడు చేస్తున్న ఇంటిపని చాలా కష్టమైనది.' - 'చేస్తున్న' ఎటువంటి విశేషణం?","క్రియాజన్య విశేషణం"
"వేమనపద్యాలు","100","ఉప్పు, కర్పూరం ఏ రంగులో ఉంటాయి?","ఉప్పు, కర్పూరం తెలుపు రంగులో ఉంటాయి."
"వేమనపద్యాలు","100","ఈగకి జో కొడితే ఏమవుతుంది?","ఈగకి జో కొడితే జోరీగ అవుతుంది."
"వేమనపద్యాలు","100","వేమన ఒక పద్యంలో ఉప్పును ఏ వస్తువుతో పోల్చాడు?","వేమన ఉప్పును కర్పూరంతో పోల్చాడు."
"వేమనపద్యాలు","100","సజ్జనుడు ఎలా పలుకుతాడు?","సజ్జనుడు చల్లగా పలుకుతాడు."
"వేమనపద్యాలు","100","పుట్టలోని చెదలు గిట్టవా?","పుట్టలోని చెదలు గిట్టవా."
"వేమనపద్యాలు","100","'అనగ ననగ రాగ మతిశయిల్లుచునుండు... తీయనుండు' ఈ పద్యాన్ని పూరించండి.","'అనగ ననగ రాగ మతిశయిల్లుచునుండు... తీయనుండు... విశ్వదాభిరామ వినుర వేమ'"
"వేమనపద్యాలు","200","'మేడిపండు చూడ మేలిమై యుండును' ఈ పద్యాన్ని పూరించండి.","మేడిపండు చూడ మేలిమై యుండును."
"వేమనపద్యాలు","200","మేడిపండు పొట్ట విప్పితే ఏం ఉంటుంది?","మేడిపండు పొట్ట విప్పితే పురుగులు ఉంటాయి."
"వేమనపద్యాలు","200","వేమన పద్యాలలో చివరగా వచ్చే 'వినుర వేమ' పదానికి ముందర వచ్చే పదం ఏమిటి?","విశ్వదాభిరామ."
"వేమనపద్యాలు","200","తప్పులెన్నువారు తమ తప్పు ఎరుగరు.','తప్పులెన్నువారు తమ తప్పు ఎరుగరు."
"వేమనపద్యాలు","300","ఇరుమారు అంటే ఏమిటి?","ఇరుమారు అంటే రెండుసార్లు."
"వేమనపద్యాలు","300","అన్ని దానములలో ఏ దానము గొప్పది అని వేమన అంటారు?","అన్ని దానములలో అన్నదానం గొప్పది."
"వేమనపద్యాలు","400","'విశ్వదాభిరామ వినుర వేమ'లో దాగి ఉన్న అమ్మాయి పేరు ఏమిటి?","విశ్వద."
"వేమనపద్యాలు","400","ఆత్మ శుద్దిలేని యాచార మదియేల... ఈ పద్యం పూర్తి చేయండి.","ఆత్మ శుద్దిలేని యాచార మదియేల, భాండ శుద్దిలేని పాకమేల, చిత్తశుద్దిలేని శివపూజలేలరా, విశ్వదాభిరామ వినుర వేమ."
"వేమనపద్యాలు","500","మట్టిచెట్టును ఇంగ్లీషులో ఏమంటారు?","'మట్టిచెట్టు' ఇంగ్లీషులో 'Clay Tree'."
"వేమనపద్యాలు","500","వేమన శతకం మకుటం ఏమిటి?","విశ్వదాభిరామ వినుర వేమ."
"వేమనపద్యాలు","500","నీళ్ళలోని మొసలి బయటకు వస్తే దేనిచేత ఓడింపబడుతుందని వేమన అన్నాడు?","నీళ్ళలోని మొసలి కుక్క చేత ఓడింపబడుతుందని వేమన అన్నాడు."
"వేమనపద్యాలు","500","'చిక్కియున్న వేళ సింహంబునైనను...' ఈ పద్యాన్ని పూరించండి.","'చిక్కియున్న వేళ సింహంబునైనను, బక్కకుక్క కరచి బాధచేయు, బలిమిలేనివేళ పంతము చెల్లదు...'"
"వేమన","100","వేమన శతకమును రాసినవారు ఎవరు?","వేమన శతకమును రాసినవారు యోగి వేమన."
"వేమన","100","రుచులు చూడ వేరు.","రుచులు చూడ జాడ వేరు."
"వేమన","200","సజ్జనుడు పల్కు ఎలా ఉంటుంది?","సజ్జనుడు పల్కు చల్లగా ఉంటుంది."
"వేమన","200","ఎక్కడ అధికులం అనకూడదు?","అనువుగాని చోట అధికులం అనకూడదు."
"వేమన","300","పిరికివాడి మనసు, పండు రెండూ సమానం. ఈ పండును చెప్పండి.","పిరికివాడి మనసు, మేడి పండు రెండూ సమానం."
"వేమన","300","సాధనమున పనులు ఎలా జరుగుతాయి?","సాధనమున పనులు సమకూరు ధరలోన."
"వేమన","400","తల్లిదండ్రులు - ఇందులో ఉన్న రెండు పదాలు చెప్పండి.","తల్లి, తండ్రి."
"వేమన","400","మేడిపండు పొట్ట విప్పి చూస్తే ఏముంటాయి?","మేడిపండు పొట్ట విప్పి చూస్తే పురుగులు ఉంటాయి."
"వేమన","500","పట్టు పట్టరాదు, ____ విడువరాదు. ఖాళీని పూరించండి.","పట్టు పట్టరాదు, పట్ల విడువరాదు."
"వేమన","500","కంచు మ్రైగునట్లు కనకంబు మ్రైగునా.","కంచు మ్రైగునట్లు కనకంబు మ్రైగునా."
"వృత్తులు","100","పొలం దున్ని పంటలు పండించే వ్యక్తి ఎవరు?","పొలం దున్ని పంటలు పండించే వ్యక్తి రైతు."
"వృత్తులు","100","సినిమా ప్రొడ్యూసర్‌ని తెలుగులో ఏమంటారు?","సినిమా ప్రొడ్యూసర్‌ని తెలుగులో సినీ నిర్మాత/నిర్మాత అంటారు."
"వృత్తులు","200","బట్టలు కుట్టే వ్యక్తిని ఏమంటారు?","బట్టలు కుట్టే వ్యక్తిని దర్జీ అంటారు."
"వృత్తులు","200","ఈ బొమ్మలో యేసు క్రీస్తు చేస్తున్న వృత్తి పనిఏమిటి?","యేసు క్రీస్తు చేస్తున్న వృత్తి పనివడ్రంగి."
"వృత్తులు","300","సర్జన్‌ చేసే పనిని తెలుగులో ఏమంటారు?","సర్జన్‌ చేసే పనిని తెలుగులో శస్త్ర చికిత్స అంటారు."
"వృత్తులు","400","వడ్రంగి చేసే పని ఏమిటి?","వడ్రంగి చేసే పని కొయ్యపని (చక్క)"
"వృత్తులు","400","ఎడిటర్‌ని తెలుగులో ఏమంటారు?","ఎడిటర్‌ని తెలుగులో సంపాదకుడు/సంపాదకురాలు అంటారు."
"వృత్తులు","500","వ్యాధులు వస్తే తీర్చే వ్యక్తి ఎవరు?","వ్యాధులు వస్తే తీర్చే వ్యక్తి వైద్యుడు."
"వృత్తులు","500","పాండవుల అజ్ఞాతవాసంలో భీముడు ఏ వృత్తి చేసేవాడు?","పాండవుల అజ్ఞాతవాసంలో భీముడు వంటవాడిగా పనిచేసేవాడు."
"వృత్తిపనులు","100","ఆరోగ్యం బాగా లేకుంటే ఎవరి దగ్గరకు వెళ్తాము?","వైద్యుడు"
"వృత్తిపనులు","200","కంసాలి చేసే వస్తువులను ఏమంటారు?","నగలు/ఆభరణాలు"
"వృత్తిపనులు","300","దేశంలో శాంతి భద్రతలు కాపాడేవారు ఎవరు?","రక్షక భటులు/సైనికులు"
"వృత్తిపనులు","400","దర్జీ చేసే పని ఏమిటి?","బట్టలు కుట్టడం"
"వృత్తిపనులు","500","గికళంగ౧2౮1 ని తెలుగులో ఏమంటారు?","వ్యోమగామి / అంతరిక్ష యాత్రికుడు"
"వీంవరు","100","ఈ బొమ్మలోని వ్యక్తి ఎవరు?","భారత ప్రధాన మంత్రి శ్రీ నరేంద్ర మోడీ గారు"
"వీంవరు","200","ఈ గుర్తుని సూచిస్తున్న సంస్థని స్థాపించిన వారి పేరు చెప్పరెడి","శ్రీ స్టీవ్ జాబ్స్ / శ్రీ స్టీవ్ వోజ్నియాక్ / శ్రీ రోనాల్డ్ వేన్"
"వీంవరు","300","ఈ బొమ్మలోని విగ్రహం ఎవరది?","శ్రీ అల్లూరి సీతారామరాజు గారు"
"వీంవరు","400","అమెరికా దేశ 'ప్రథాన మహిళ' ఎవరు?","శ్రీమతి మిషెల్‌ ఒబామా గారు"
"వీంవరు","500","'జో అచ్యుతానంద జో జో ముకుందా' అనే పాటను కూర్చిన వాగ్గేయకారుడు ఎవరు?","శ్రీ తాళ్ళపాక అన్నమాచార్య / అన్నమయ్య"
"విషయపరిజ్ఞానం","100","ఆ౧|1696 562099 ౦0 ఉిగ69/౧102 ని తెలుగులో ఏమంటారు?","ఆగ౧169ర6 56121699 ౦0 శీిగ6౧102 ని తెలుగులో అమెరికా సంయుక్త రాష్ట్రాలు అంటారు"
"విషయపరిజ్ఞానం","200","పిల్లలను నిద్రపుచ్చడానికి పాడే పాటలను ఏమంటారు?","పిల్లలను నిద్రపుచ్చడానికి పాడే పాటలను జోల/లాలి పాటలు అంటారు"
"విషయపరిజ్ఞానం","300","కూచిపూడి నాట్యానికి ఆద్యుడు ఎవరు?","కూచిపూడి నాట్యానికి ఆద్యుడు సిద్ధేంద్రయోగి"
"విషయపరిజ్ఞానం","400","తగవులాడుకునేవారి మధ్య రాజీ కుదిర్దేవారిని ఏమంటారు?","తగవులాడుకునేవారి మధ్య రాజీ కుదిర్దేవారిని మధ్యవర్తి అంటారు"
"విషయపరిజ్ఞానం","500","ప్రముఖ తెలుగు చిత్రకారుడు 'బాపు' అసలు పేరు ఏమిటి?","చిత్రకారుడు 'బాపు' అసలు పేరు సత్తిరాజు వెంకట లక్ష్యినారాయణ"
"వాహనాలు","100","ఆకాశ మార్గాన ప్రయాణం చేయాలంటే ఏ వాహనంలో వెళ్తాము?","ఆకాశ మార్గాన ప్రయాణం చేయాలంటే విమానంలో ఎళ్తాము"
"వాహనాలు","200","ఏ ఇంధనం కానీ, జంతువు కానీ అవసరం లేకుండా నడిచే వాహనం ఒకటి చెప్పండి? (ఆంగ్లములో చెప్పవచ్చు)","సైకిలు/రిక్షా/స్కూటరు"
"వాహనాలు","300","నౌకలు/ఓడలు ఆగే ప్రదేశాన్ని ఏమంటారు?","నౌకలు/ఓడలు ఆగే ప్రదేశాన్ని ఓడ రేవు/రేవు/నౌకాశ్రయము అంటారు"
"వాహనాలు","400","ఈ మధ్య కాలం లో టైటానిక్‌ నౌకను చూడడానికి వెళ్తూ, సముద్రంలో పేలిపోయిన ‘టైటన్’ ఎటువంటి వాహనం?","టైటన్‌ ఒక జలాంతరామి."
"వాహనాలు","500","5024206 ౫ సంస్థ ఎటువంటి వాహనాలని తయారు చేస్తుంది?","5024206 ౫ సంస్థ వ్యోమ నౌకలు/అంతరిక్ష నౌకలు తయారు చేస్తుంది"
"వారాలు","100","ఇవాళ ఏ వారము?","ఇవాళ (ఆట ఆడే రోజు వారం చెప్పాలి)"
"వారాలు","200","'గుడ్‌ ఫ్రైడే' ఏ వారం వస్తుంది?","'గుడ్‌ ఫ్రైడే' శుక్రవారం వస్తుంది"
"వారాలు","300","ఈ రోజు మంగళవారం అయితే ఎల్లుండి ఏ పవారం?","ఈ రోజు మంగళవారం అయితే ఎల్లుండి గురువారం"
"వారాలు","400","వారాంతం అయిపోయిన తరువాత మొదటి రోజు ఏమిటి?","వారాంతం అయిపోయిన తరువాత మొదటి రోజు సోమవారం"
"వారాలు","500","ఒక సంవత్సరంలో ఎన్ని వారాలుంటాయి?","ఒక సంవత్సరంలో 52 వారాలుంటాయి"
"వారాలు-నెలలు","100","రోజుకి ఎన్ని గంటలు?","రోజుకి ఇరవై నాలుగు గంటలు"
"వారాలు-నెలలు","100","వారానికి ఎన్ని శనివారాలు ఉంటాయి?","వారానికి ఒకే ఒక్క శనివారం ఉంటుంది"
"వారాలు-నెలలు","100","నిన్నకు నిన్నని ఏమని పిలుస్తారు?","నిన్నకు 'మొన్న' అని పిలుస్తారు"
"వారాలు-నెలలు","100","ఈ ఏడాది జూన్ 5 బుధవారం అయితే, జూన్ 6 ఏ వారం?","ఈ ఏడాది జూన్ 5 బుధవారం అయితే, జూన్ 6 గురువారం"
"వారాలు-నెలలు","100","పౌర్ణమి నుంది అమావాస్య వరకు వుండే 15 రోజులను ఏ పక్షం అని అంటారు?","పౌర్ణమి నుంది అమావాస్య వరకు వుండే 15 రోజులను కృష్ణ పక్షం అని అంటారు"
"వారాలు-నెలలు","200","నెలకి గల మరొక పేరు 'మా' తో మొదలవుతుంది. ఏమిటి?","నెలకి గల మరొక పేరు మాసం"
"వారాలు-నెలలు","200","నెలలు ఎన్ని ఉన్నాయి?","నెలలు పన్నెండు ఉన్నాయి"
"వారాలు-నెలలు","200","తెలుగు నక్షత్రాలలో మొదటి నక్షత్రం ఏది?","తెలుగు నక్షత్రాలలో మొదటి నక్షత్రం అశ్వని"
"వారాలు-నెలలు","200","ఈ బొమ్మ రోజులో ఎప్పుడు తీసి ఉండవచ్చు?","ఈ బొమ్మ సంధ్యాసమయంలో / సాయంకాలంలో తీసి ఉండవచ్చు"
"వారాలు-నెలలు","200","లక్షీవారం, రవివారం అని పయే వారాలని అంటారు?","లక్షీవారం అంటే గురువారం, రవివారం అంటే ఆదివారం"
"వారాలు-నెలలు","200","వరలక్ష్మి వ్రతం ఏ మాసంలో ఏ వారం రోజున చేసుకుంటారు?","శ్రావణమాసం, శుక్రవారం"
"వారాలు-నెలలు","300","వారంలో నాలుగవ రోజు పేరేమిటి?","వారంలో నాలుగవ రోజు బుధవారం"
"వారాలు-నెలలు","300","సోమవారానికి ఎల్లుండి ఏ వారం అవుతుంది?","సోమవారానికి ఎల్లుండి బుధవారం అవుతుంది"
"వారాలు-నెలలు","300","శుక్ల, కృష్ణ పక్షాలు కలిపితే ఎన్ని రోజులు ఉంటాయి?","శుక్ల, కృష్ణ పక్షాలు కలిపితే 30 రోజులు"
"వారాలు-నెలలు","300","ఒక గంటకి ఎన్ని క్షణాలు?","ఒక గంటకి 3600 క్షణాలు"
"వారాలు-నెలలు","400","ఒక నెలలో ఎన్ని పక్షాలు ఉంటాయి?","ఒక నెలలో రెండు పక్షాలు ఉంటాయి"
"వారాలు-నెలలు","400","తెలుగు నెలలలో మొదటి నెల ఏమిటి?","తెలుగు నెలలలో మొదటి నెల చైత్రము"
"వారాలు-నెలలు","400","సంక్రాంతి జనవరి నెలలో వస్తుంది?","సంక్రాంతి జనవరి నెలలో వస్తుంది"
"వారాలు-నెలలు","400","అమావాస్యకి ముందు, పౌర్ణమి ముందు వచ్చే తిథి ఏమిటి?","అమావాస్యకి ముందు, పౌర్ణమి ముందు వచ్చే తిథి చతుర్దశి"
"వారాలు-నెలలు","400","ఉగాది ఏ తెలుగు నెలలో వస్తుంది?","ఉగాది చైత్రంలో వస్తుంది"
"వారాలు-నెలలు","400","హేమంత ఋతువు ఏ తెలుగు మాసాలలో వస్తుంది?","హేమంత ఋతువు మార్గశిర మరియు పుష్యమాసాలలో వస్తుంది"
"వారాలు-నెలలు","500","తెలుగు నెలలలో మొదటి నెల పేరు ఏమిటి?","తెలుగు నెలలలో మొదటి నెల చైత్రము"
"వారాలు-నెలలు","500","తెలుగు నెలల ప్రకారం ఒక తెలుగు సంవత్సరం ఆంగ్ల సంవత్సరం కంటే 11 1/4 రోజులు తక్కువ. ఈ రోజులను కలుపుకుని ఎక్కువ చేసే నెలను ఏమని పిలుస్తారు?","అధిక మాసం లేదా మైల మాసం"
"వారాలు-నెలలు","500","ఈరోజు శనివారమైతే మొన్న ఏ వారము? ఎల్లుండి ఏ వారము?","ఈరోజు శనివారమైతే మొన్న గురువారం, ఎల్లుండి సోమవారం"
"వారాలు-నెలలు","500","కొత్తగా పెళ్లయిన వీళ్ళిద్దరూ ఆకాశంలో ఏ నక్షత్రం చూస్తున్నారు?","కొత్తగా పెళ్లయిన వీళ్ళిద్దరూ ఆకాశంలో అరుంధతి నక్షత్రం చూస్తున్నారు"
"వారాలు-నెలలు","500","బృహస్పతి వారం అని ఏ వారాన్ని పిలుస్తారు?","బృహస్పతి వారం అంటే గురువారం"
"వారాలు-నెలలు","500","ఈ రోజు తిథి పౌర్ణమి. చంద్రుడు మృగశిర నక్షత్రంలో ఉన్నాడు. ఈ మాసం పేరు ఏమిటి?","మార్గశిరం / మార్గశీర్షం"
"వారములు","100","ఎన్ని రోజులు అయితే ఒక వారం అవుతుంది?","ఏడు రోజులు అయితే ఒక వారం అవుతుంది"
"వారములు","100","ఒక వారంలో ఎన్ని గురువారాలు వస్తాయి?","ఒక వారంలో ఒక గురువారం మాత్రమే వస్తుంది"
"వారములు","200","బుధవారానికి ఒక రోజు ముందు రోజు ఏది?","బుధవారానికి ఒక రోజు ముందు మంగళవారం"
"వారములు","200","46562)/ - మంగళవారం, ౧గ౮2)/ - శుక్రవారం అని తెలుగులో చెప్పండి?","46562)/ - మంగళవారం, ౧గ౮2)/ - శుక్రవారం"
"వారములు","300","గురువారం ఒక రోజు తరువాత ఏ రోజు?","గురువారం ఒక రోజు తరువాత శుక్రవారం"
"వారములు","300","రేపు బుధవారం అయితే మొన్న ఏ వారం?","రేపు బుధవారం అయితే మొన్న ఆదివారం"
"వారములు","400","ఒక మాసంలో ఎన్ని వారాలు ఉంటాయి?","ఒక మాసంలో నాలుగు వారాలు ఉంటాయి"
"వారములు","400","ఈ రోజు శనివారం అయితే ఆవల ఎల్లుండి ఏ వారం?","ఈ రోజు శనివారం అయితే ఆవల ఎల్లుండి మంగళవారం"
"వారములు","500","“0౧౦౧౦౪౫”, "02)/ తీగం! 70[౧౧0గ౦౪/ తెలుగులో చెప్పండి","0౧౦౧౧౦౪/- రేపు. 02)/ - ఎల్లుండి"
"వారములు","500","నిన్నకు నిన్నని ఏమని పిలుస్తారు?","నిన్నకు నిన్నని మొన్న అని పిలుస్తారు"
"వాతావరణం","100","ఎండలు ఎక్కువగా ఏ బుతువులో కాస్తాయి?","ఎండలు ఎక్కువగా గ్రీష్మ బుతువులో"
"వాతావరణం","200","కాలముల పేర్లు ఏమిటి?","వేసవి కాలము, వర్షా కాలము, మరియు చలి కాలము"
"వాతావరణం","300","చెట్లు ఏ బుతువులో చిగురిస్తాయి?","చెట్లు వసంత బుతువులో"
"వాతావరణం","400","మంచు ఏ బుతువులో కురుస్తుంది?","చలి బుతువులో మంచు కురుస్తుంది"
"వాతావరణం","500","ఏ బుతువులో వర్షాలు ఎక్కువగా కురుస్తాయి?","వర్ష బుతువులో వర్షాలు ఎక్కువగా కురుస్తాయి"
"వస్తువులు","100","౧6€- దీనిని తెలుగులో పమంటారు?","౧6€ ని తెలుగులో వల అంటారు."
"వస్తువులు","100","01౬ - తెలుగులో ఏమంటారు?","01౬ ని తెలుగులో నూనె అంటారు."
"వస్తువులు","100","పుస్తకంలో వ్రాసుకోవడానికి ఏ వస్తువు ఉపయోగిస్తారు? (తెలుగులో చెప్పాలి)","పుస్తకంలో వ్రాసుకోవడానికి కలము ఉపయోగిస్తారు."
"వస్తువులు","100","చెట్టు, చెక్క నరకటానికి ఏ వస్తువు ఉపయోగిస్తారు?","చెట్టు, చెక్క నరకటానికి గొడ్డలి లేదా రంపము ఉపయోగిస్తారు."
"వస్తువులు","100","ఒరలో కత్తి పెట్టుకోవడానికి ఏ వస్తువు ఉపయోగిస్తారు?","ఒరలో కత్తి పెట్టుకోవడానికి బర ఉపయోగిస్తారు."
"వస్తువులు","100","చిత్రంలోని వస్తువును తలపై ఎక్కడ ధరిస్తారు?","తలపై ధరిస్తారు."
"వస్తువులు","200","ఛత్రము - ఇంగ్లీషు పేరు చెప్పండి?","ఛత్రము - Umbrella."
"వస్తువులు","200","ఈ బొమ్మలో కనిపించే వస్తువు ఏమిటి?","కత్తెర."
"వస్తువులు","200","ఈ బొమ్మలో ఉన్న వస్తువుని తెలుగులో ఏమంటారు?","దువ్వెన."
"వస్తువులు","200","ఇంటికి తాళం ఎందుకు వేస్తారు?","భద్రత కోసం."
"వస్తువులు","200","ఏ వస్తువు తో జుట్టు దువ్వుకుంటారు?","దువ్వెన/పన్ని తో."
"వస్తువులు","200","వేడిగా ఉన్న పాత్రలను పట్టుకోవడానికి ఏ వస్తువు ఉపయోగిస్తారు?","పట్టే వస్తువు - దస్తానాలు."
"వస్తువులు","300","౪/2110!00% ని ఎక్కడ పెడతారు?","గోడకు పెడతారు."
"వస్తువులు","300","దోసెలు వెయ్యడానికి ఏ ఇనప వస్తువుని ఉపయోగిస్తారు?","పెనం."
"వస్తువులు","300","౮4౧ ని తెలుగులో ఏమంటారు?","తుపాకి."
"వస్తువులు","400","గోడలో మేకులు కొట్టడానికి సాధారణంగా ఏ వస్తువు వాడతారు?","సుత్తి/సమ్మెట."
"వస్తువులు","400","చిరిగిన బట్టలు కుట్టడానికి ఏ వస్తువులు కావాలి?","సూది, దారము."
"వస్తువులు","500","దోశలకు పెనంతో పాటుగా ఏ వస్తువు అవసరం?","అట్లకాడ."
"వస్తువులు","500","పొలము దున్నటానికి వాడే వస్తువు ఏది?","నాగలి."
"వస్తువులు","500","చేనేత వృత్తిలో వాడే ఒక వస్తువు పేరు చెప్పండి?","రాట్నము/మగ్గము."
"వస్తువులు","500","పక్షులని దేనిలో ఉంచి బంధిస్తారు?","పంజరం."
"వస్తువులు","500","గోడకి మేకులు కొట్టడానికి కావాల్సిన పరికరం ఏమిటి?","సుత్తి."
"వస్తువులు","500","దిక్సూచి ని ఆంగ్లంలో ఏమంటారు?","Compass."
"వస్తువులు-వచనాలు","100","నదులు. దీనికి పకవచనం చెప్పండి.","నది."
"వస్తువులు-వచనాలు","200","మనిషికి బహువచనం చెప్పండి.","మనుషులు."
"వస్తువులు-వచనాలు","300","ఒకటి కన్న ఎక్కువ వస్తువులను తెలిపే వచనాన్ని ఏమంటారు?","బహువచనం."
"వస్తువులు-వచనాలు","400","రాయికి బహువచనం ఏమిటి?","రాళ్ళు."
"వస్తువులు-వచనాలు","500","కవికి బహువచనం చెప్పండి.","కవులు."
"వస్తువులు-పనులు","100","ఈ చిత్రంలోని వస్తువును దేనికి ఉపయోగిస్తారు?","ఆ వస్తువుని నడవడానికి/కాళ్ళకి ఉపయోగిస్తారు."
"వస్తువులు-పనులు","100","కలంతో ఏం చేస్తారు?","కలంతో రాసుకుంటారు."
"వస్తువులు-పనులు","100","ఈ బొమ్మలో కనిపిస్తున్న వస్తువు ఏమిటి?","బుట్ట."
"వస్తువులు-పనులు","100","ఈ బొమ్మలో కనిపిస్తున్న వస్తువు ఏమిటి, దాంతో ఏం చేసారు?","కలం. కలంతో వ్రాస్తారు."
"వస్తువులు-పనులు","100","ఈ బొమ్మలో కనిపిస్తున్న వస్తువు దేనికి ఉపయోగపడుతుంది?","నడవడానికి/పరుగెత్తడానికి ఉపయోగపడుతుంది."
"వస్తువులు-పనులు","100","వానాకాలంలో ఎక్కువగా వాడే వస్తువు ఏది?","గొడుగు."
"వస్తువులు-పనులు","100","ఈ బొమ్మలో కనిపిస్తున్న వస్తువు పేరు ఏమిటి?","గొడుగు."
"వస్తువులు-పనులు","200","పుస్తకంలో వ్రాయడానికి ఏం కావాలి?","కలం/పెన్సిలు."
"వస్తువులు-పనులు","200","బట్టలు ఉతకడానికి ఏ వస్తువు వాడతారు?","సబ్బు."
"వస్తువులు-పనులు","200","ఈ బొమ్మలో కనిపిస్తున్న వస్తువు ఏమిటి?","సుత్తి."
"వస్తువులు-పనులు","200","ఈ వస్తువు ఏమిటి? దేనికి వాడతారు?","కళ్ళజోళ్ళు, చూడడానికి."
"వస్తువులు-పనులు","200","పుస్తకంతో ఏం చెయ్యవచ్చు?","పుస్తకం చదవవచ్చు, అందులో వ్రాయవచ్చు."
"వస్తువులు-పనులు","200","భూమి దున్నడానికి వాడే వస్తువు ఏమిటి?","నాగలి."
"వస్తువులు-పనులు","200","చెట్లకి నీళ్ళు దేనితో పడతారు?","గొట్టం."
"వస్తువులు-పనులు","300","ఈ చిత్రంలోని వస్తువు ఏమిటి? దానిని వంటింట్లో దేనికి ఉపయోగిస్తారు?","కత్తి, పండ్లు/కూరగాయలు కోయడానికి."
"వస్తువులు-పనులు","300","గిన్నెలు/పాత్రలు కడగటానికి ఏ వస్తువు వాడతారు?","సబ్బు."
"వస్తువులు-పనులు","300","వరి/పొలంలో మొక్కలు కోయడానికి వాడే వస్తువు ఏమిటి?","కొడవలి."
"వస్తువులు-పనులు","300","పడుకోవడానికి రెండు వస్తువులు కావాలి, అవి ఏవి?","మంచం, పరుపు."
"వస్తువులు-పనులు","300","మనం కూర్చోవడానికి వాడే రెండు వస్తువులు చెప్పండి?","కుర్చీ, బల్ల."
"వస్తువులు-పనులు","300","పాత్రలకు ఇంకొక పేరు చెప్పండి?","గిన్నెలు."
"వస్తువులు-పనులు","300","పొలాలలో పంట కోయడానికి వాడే ఈ వస్తువుని ఏమంటారు?","కొడవలి."
"వస్తువులు-పనులు","400","గుర్రంతో లాగే బండిని ఏమంటారు?","రథం."
"వస్తువులు-పనులు","400","సూదితో ఏం చేస్తారు?","బట్టలు/దండలు కుడతారు."
"వస్తువులు-పనులు","400","చేపలు పట్టడానికి వాడే చిన్న ఇనుప కోకిని ఏమంటారు?","గాలం."
"వస్తువులు-పనులు","400","ఈ బొమ్మలో కనిపిస్తున్న వస్తువు ఏమిటి?","రాట్నం."
"వస్తువులు-పనులు","400","బాణాలు వేయడానికి వాడే వస్తువు ఏమిటి?","విల్లు."
"వస్తువులు-పనులు","400","బావిలో నీళ్ళు తోడడానికి వాడే వస్తువు ఏమిటి?","బొక్కెన."
"వస్తువులు-పనులు","400","బావిలోని నీటిని బొక్కెనతో పైకి లాగడాన్ని ఏమంటారు?","తోడడం/చేదడం."
"వస్తువులు-పనులు","500","ఈ చిత్రంలోని వస్తువు ఏమిటి? దానిని దేనికి ఉపయోగిస్తారు?","చీపురు, చెత్త ఊడవడానికి/తుడవడానికి."
"వస్తువులు-పనులు","500","మెట్లు ఎక్కకుండా పైకి వెళ్లడానికి దేనిని ఉపయోగిస్తారు?","లిఫ్ట్."
"వస్తువులు-పనులు","500","బాణాలు వేయడానికి వాడే వస్తువు ఏమిటి?","విల్లు."
"వస్తువులు-పనులు","500","బట్టలు కుట్టడానికి ఏ వస్తువు వాడతారు?","కుట్టయంత్రం/కుట్టు మషీన్."
"వస్తువులు-పనులు","500","ఈ బొమ్మలో కనిపిస్తున్న వస్తువు దేనికి వాడతాము?","కారు, ప్రయాణానికి."
"వస్తువులు-పనులు","500","పెనం మీద దోశలు తీయడానికి వాడే వస్తువు ఏమిటి?","అట్లకాడ."
"వస్తువులు-పనులు","500","మహర్షులు నీటిని ఉంచే పాత్ర పేరు ఏమిటి?","కమండలం."
"వత్తులు-గుణింతాలు","100","జల్చార్టో ____ ఈ పదంలో “యో" కి ఏ గుణింతం వుంది?","యోకి 'ఓ' గుణింతం వుంది."
"వత్తులు-గుణింతాలు","200","తెలుగు అక్షరమాలలో ఉన్న సంయుక్తాక్షరము ఏమిటి?","క్ష (క్ష)"
"వత్తులు-గుణింతాలు","300","ర బత్తుకి ఇంకో పేరు ఏమిటి?","ర - 'రిఫ్‌'."
"వత్తులు-గుణింతాలు","400","ఠ కి పూర్జానుస్వారం జోడిస్తే ఏమి వస్తుంది?","ఠం"
"వత్తులు-గుణింతాలు","500","“భఅంతుకరణ” --- ఈ పదంలో "తొ" పక్కన ఉన్న గుణింతము గుర్లు పేరు ఏమిటి?","తొకి 'ఒ' గుణింతము."
"వంటలు","100","660 ఓ౬62%/ '౪666120163' ని తెలుగులో పమంటారు?","ఆకు కూరలు/కూరాకు"
"వంటలు","200","పూజలో భాగంగా దేవుడికి పెట్టే వంటకాలని పమంటారు?","ప్రసాదం/నైవేద్యం"
"వంటలు","300","అరిసెలు/అతిరసాలు/నిప్పట్లు ఏ పిండితో చేస్తారు?","బియ్యం పిండి"
"వంటలు","400","పోపు వేయడానికి వాడే ద్రవ పదార్థం ఏమిటి?","నూనె/నెయ్యి"
"వంటలు","500","రాత్రి మిగిలిపోయిన అన్నం మరునాడు తింటాం కదా! ఆ అన్నాన్ని పమంటారు?","చద్దన్నం/సదన్నం"
