Category,Marks,Question,Answer
అంకెలు,100,9 ఈ సంఖ్య ఎంత?,తొమ్మిది
అంకెలు,100,97 ని తెలుగులో చెప్పండి.,తొంభై ఏడు
అంకెలు,100,ఈ అంకెని తెలుగులో చెప్పండి? 55,యాభై ఐదు
అంకెలు,100,"ఐదుని పదితో హెచ్చించి, ఎనిమిది తీసివేస్తే ఎంత మిగులుతుంది?",నలభై రెండు
అంకెలు,100,ఒక గంటలో ఎన్ని నిమిషాలు ఉంటాయి?,అరవై నిమిషాలు
అంకెలు,100,కుర్చీకి ఎన్ని కాళ్లు ఉంటాయి?,కుర్చీకి నాలుగు కాళ్లు ఉంటాయి.
అంకెలు,100,భారతదేశంలో ఆటో రిక్షాకి ఎన్ని చక్రాలు ఉంటాయి?,మూడు
అంకెలు,100,భారతీయుడు కనిపెట్టిన అంకె ఏమిటి?,సున్న
అంకెలు,200,అరడజను అంటే ఎన్ని?,ఆరు
అంకెలు,200,ఇరవై ఒకటి నుంది మూడు తీసివేస్తే ఎంత మిగులుతుంది?,పద్దినిమిది
అంకెలు,200,ఏక అని ఏ అంకెను పిలుస్తారు?,ఒకటి
అంకెలు,200,ఒక కోటిలో ఎన్ని సున్నాలు ఉంటాయి?,ఏడు సున్నాలు
అంకెలు,200,ఒక చేతికి ఎన్ని వేళ్లు ఉంటాయి?,ఐదు వేళ్లు
అంకెలు,200,తొమ్మిది పక్కన సున్న ఉంటే వచ్చే సంఖ్య ఎంత?,తొంభై
అంకెలు,200,పంచ అని ఏ అంకెని పిలుస్తారు?,ఐదు
అంకెలు,300,99కి 2 కలిపితే వచ్చే అంకె తెలుగులో చెప్పండి?,నూట ఒకటి
అంకెలు,300,Addition ని తెలుగులో ఏమని అంటారు?,కలపటము / కూడిక / సంకలనము
అంకెలు,300,ఇరవై కి పది కలిపితే వచ్చే సంఖ్య ఎంత?,ముప్పై
అంకెలు,300,ఈ అంకెను తెలుగులో చదవండి: 786,ఏడు వందల ఎనభై ఆరు
అంకెలు,300,జత చెప్పులు అంటే ఎన్ని చెప్పులు?,రెండు
అంకెలు,300,పదికి రెండు కలిపి చెప్పండి?,పన్నెండు
అంకెలు,300,సరిసంఖ్యలు అనే అంకెలు చెప్పండి?,"2,4,6,8,10,12"
అంకెలు,400,20-5 =? తెలుగులో చెప్పాలి.,పదిహేను
అంకెలు,400,Subtraction ని తెలుగులో ఏమని అంటారు?,తీసివెయ్యటం / తీసివేత
అంకెలు,400,ఇరవై తరువాత వచ్చే సంఖ్య ఏమిటి?,ఇరవై ఒకటి
అంకెలు,400,"ఏకాదశ, ద్వాదశ అంటే ఎంత?","ఏకాదశ - 11, ద్వాదశ - 12"
అంకెలు,400,పదిహేను అంకెను ఇంగ్లీషులో చెప్పండి?,Fifteen
అంకెలు,400,రెండుతో విభజిస్తే ఒకటి మిగిలిపోయే సంఖ్యలను ఏమని పిలుస్తారు?,బేసి సంఖ్యలు
అంకెలు,500,1 తరువాత రెండు సున్నాలు ఉంటే ఆ అంకె ఎంత?,వంద
అంకెలు,500,అష్టదిక్కులు ఎన్ని? చతుర్దశి ఎన్నవ రోజు?,"అష్టదిక్కులు ఎనిమిది, చతుర్దశి పద్నాలుగవ రోజు"
అంకెలు,500,గణితశాస్తానికి భారతీయులు అందించిన అంక ఏమిటి?,సున్న
అంకెలు,500,తొమ్మిదికి ముందు ఒకటి చేర్చితే వచ్చే అంకె?,పది
అంకెలు,500,దశ అంటే ఏ సంఖ్య?,పది
అంకెలు,500,పదిహేనుని రెండు తో హెచ్చిస్తే (గుణించితే) ఎంత?,ముప్పై
అంకెలు,500,షోడశోపచారాలు అనే పూజా విధానంలో ఎన్ని ఉపచారాలు ఉంటాయి?,పదహారు ఉపచారాలు
అంకెలు 26-100,100,రెండు పాతికలు ఎంత?,రెండు పాతికలు యాభై.
అంకెలు 26-100,100,వంద అంకెలో రెండు సున్నాలు ఉంటాయి. ఇది నిజమేనా?,"అవును, వంద అంకెలో రెండు సున్నాలు ఉంటాయి."
అంకెలు 26-100,200,50 ఈ సంఖ్యని తెలుగులో ఏమని అంటారు?,ఈ సంఖ్యను తెలుగులో యాభై అంటారు.
అంకెలు 26-100,200,అరవై ఆరుకి ముప్పె మూడు కలిపితే ఎంత వస్తుంది?,అరవై ఆరుకి ముప్పె మూడు కలిపితే తొంభై తొమ్మది వస్తుంది.
అంకెలు 26-100,300,ఈ అంకెను తెలుగులో చెప్పండి: 27,ఈ అంకెను తెలుగులో ఇరవై ఏడు అంటారు.
అంకెలు 26-100,300,ఈ సంఖ్యని తెలుగులో చెప్పండి: 56,ఈ సంఖ్యని తెలుగులో యాభై ఆరు అంటారు.
అంకెలు 26-100,400,Seventy one తెలుగులో ఏమని అంటారు?,Seventy one తెలుగులో డెబ్బై ఒకటి అంటారు.
అంకెలు 26-100,400,ఎనభై నాలుకి మూడు కలిపితే వచ్చే సంఖ్య ఎంత?,ఎనభై నాలుకి మూడు కలిపితే వచ్చే సంఖ్య ఎనభై ఏడు.
అంకెలు 26-100,500,తొంభై ఎనిమిదిని ఇంగ్లీషులో ఏమంటారు?,తొంభై ఎనిమిదిని ఇంగ్లీషులో ninety eight అంటారు.
అంకెలు 26-100,500,వందకి ఇంకొక పేరు చెప్పండి?,వందకి ఇంకొక పేరు నూరు లేదా శతం.
అంకెలు-గణితం,100,రెండు చేతులకు కలిపి ఎన్ని వేళ్ళు ఉంటాయి? తెలుగులో చెప్పండి.,రెండు చేతులకు కలిపి పది వేళ్ళు ఉంటాయి.
అంకెలు-గణితం,200,"అభినవ్ ఐదు జామపళ్ళు, ఎనిమిది మామిడి పళ్ళు కొన్నాడు. మొత్తం ఎన్ని పళ్ళు కొన్నాడు? తెలుగులో చెప్పండి.",అభినవ్‌ పదమూడు పళ్ళు కొన్నాడు.
అంకెలు-గణితం,200,పంతొమ్మిది తరువాత వచ్చే అంకె ఎంత? తెలుగులో చెప్పాలి.,పంతొమ్మిది తరువాత వచ్చే అంకె ఇరవై.
అంకెలు-గణితం,300,"5, 9 కూడితే ఎంత అవుతుంది? తెలుగులో చెప్పండి.",5 మరియు 9 కూడితే పధ్నాలుగు అవుతుంది.
అంకెలు-గణితం,300,అష్టదిక్కులు అంటే ఎన్ని దిక్కులు?,అష్టదిక్కులు అంటే ఎనిమిది - 8 దిక్కులు.
అంకెలు-గణితం,400,డజున్నర అంటే ఎన్ని?,డజున్నర అంటే పద్దెనిమిది.
అంకెలు-గణితం,400,వందకి ఇంకో రెండు పేర్లు చెప్పండి?,"వందకి ఇంకో రెండు పేర్లు: నూరు, శతము."
అంకెలు-గణితం,500,1110 ఈ అంకెను తెలుగులో చెప్పండి?,1110 అంకెను తెలుగులో ఒక వెయ్యి నూట పదహారు లేదా పదకొండు వందల పదహారు అంటారు.
అంకెలు-గణితం,500,Multiplication ను తెలుగులో ఏమంటారు?,Multiplication ను తెలుగులో గుణించడం లేదా హెచ్చవేయడం అని అంటారు.
కాయగూరలు,100,కా అక్షరంతో మొదలయ్యే ఒక చేదు కూరగాయ పేరు?,కా అక్షరంతో మొదలయ్యే కూరగాయ పేరు కాకరకాయ.
కాయగూరలు,100,కూరల్లో కారానికి ఏ కాయలను వాడతారు?,మిరపకాయలను వాడతారు.
కాయగూరలు,100,పాములా ఉండే కూరగాయ పేరు ఏమిటి?,ఆ కూరగాయ పేరు పొట్లకాయ.
కాయగూరలు,100,భూమిలో పెరిగే కూరగాయలకు ఏమంటారు?,భూమిలో పెరిగే కూరగాయలను దుంపలు అంటారు.
కాయగూరలు,100,మాటకి ముందు 'ట' అంటే పమవుతుంది?,మాట కి ముందు 'ట' అంటే 'టమాట' అవుతుంది.
కాయగూరలు,200,Drumsticks అనే కూరగాయ తెలుగులో పమంటారు?,Drumsticks అనే కూరగాయను మునగకాయ అంటారు.
కాయగూరలు,200,Spinach® తెలుగులో పమంటారు?,Spinach® తెలుగులో పాలకూర అంటారు.
కాయగూరలు,200,పూజ సమయంలో ఏ కూరగాయను దేవుడి ముందు కొడతారు?,టెంకాయ/కొబ్బరికాయను దేవుడి ముందు కొడతారు.
కాయగూరలు,300,Cilantro® తెలుగులో పమంటారు?,Cilantro® తెలుగులో కొత్తిమీర అంటారు.
కాయగూరలు,400,కారంగా ఉండే కూరగాయ ఏమిటి?,కారంగా ఉండే కూరగాయ మిరపకాయ.
కాయగూరలు,500,Sweet Potatoes ను తెలుగులో ఏమని అంటారు?,Sweet Potatoes ను తెలుగులో చిలగడ దుంపలు అంటారు.
కాలమానం,100,ఎండలు ఎక్కువగా ఏ బుతువులో కాస్తాయి?,ఎండలు ఎక్కువగా గ్రీష్మ బుతువులో.
కాలమానం,100,నక్షత్రాలు ఎప్పుడు కనిపిస్తాయి?,నక్షత్రాలు చీకటి పడిన తరువాత / రాత్రి పూట కనిపిస్తాయి.
కాలమానం,100,రెండున్నర నిమిషాలలో ఎన్ని క్షణాలు ఉంటాయి?,రెండున్నర నిమిషాలలో నూటయాభై క్షణాలు ఉంటాయి.
కాలమానం,100,వసంత నవరాత్రులు ఏ తెలుగు మాసంలో వస్తాయి?,వసంత నవరాత్రులు చైత్రమాసంలో వస్తాయి.
కాలమానం,200,60 నిముషాల సమయాన్ని ఏమంటారు?,60 నిముషాల సమయాన్ని ఒక గంట సమయం అంటారు.
కాలమానం,200,ఇప్పుడు జరుగుతున్న తెలుగు సంవత్సరం ఏమిటి?,ఇప్పుడు జరుగుతున్న తెలుగు సంవత్సరం శుభకృత్.
కాలమానం,200,"ఇప్పుడు సమయం పావు తక్కువ నాలుగు ఐతే, గంట బావు తరువాత సమయం ఎంత అవుతుంది?","ఇప్పుడు సమయం పావు తక్కువ నాలుగు ఐతే, గంట బావు తరువాత సమయం ఐదు గంటలు అవుతుంది."
కాలమానం,200,మొదటి నక్షత్రం పేరు ఏమిటి?,మొదటి నక్షత్రం పేరు అశ్వని.
కాలమానం,300,ఒక నెలకి ఎన్ని పక్షాలు ఉంటాయి?,ఒక నెలకి రెండు పక్షాలు ఉంటాయి.
కాలమానం,300,చంద్రుడి గమనాన్ని బట్టి కాలాన్ని నిర్ణయించే విధానం ఏమిటి?,చాంద్రమానం.
కాలమానం,300,ప్రతి పక్షములో పదవ రోజు వచ్చే తిథి ఏమిటి?,ప్రతి పక్షములో పదవ రోజు వచ్చే తిథి దశమి.
కాలమానం,300,శుక్ల పక్షంలో ఎన్ని రోజులు ఉంటాయి?,శుక్ల పక్షంలో పదిహేను (15) రోజులు ఉంటాయి.
కాలమానం,400,1000 సంవత్సరాలని ఏమంటారు?,1000 సంవత్సరాలని సహస్రాబ్దం (Millennium) అంటారు.
కాలమానం,400,ఇప్పుడు జరుగుతున్న యుగానికి ముందు జరిగిన యుగం ఏమిటి?,ఇప్పుడు జరుగుతున్న యుగానికి ముందు జరిగిన యుగం ద్వాపర యుగం.
కాలమానం,400,వారంలో ఎన్ని రోజులు ఉంటాయి?,వారంలో ఏడు రోజులు ఉంటాయి.
కాలమానం,400,వేకువ జాము అంటే రోజులో ఏ భాగము?,వేకువ జాము అంటే తెల్లవారు జాము / సూర్యోదయానికి కొంచం ముందు.
కాలమానం,500,2023 లో వచ్చిన అధిక మాసం ఏమిటి?,2023 లో వచ్చిన అధిక మాసం శ్రావణ మాసం.
కాలమానం,500,అమెరికా దేశాన్ని సూర్యోదయ - సూర్యాస్తమ సమయాలను బట్టి ఎన్ని కాల-ప్రాంతాలు గా విభజించారు?,అమెరికా దేశాన్ని సూర్యోదయ - సూర్యాస్తమ సమయాలను బట్టి ఆరు (6) కాల-ప్రాంతాలు (time zones) గా విభజించారు.
కాలమానం,500,తెలుగు నెలలలో రెండవ నెల పేరు చెప్పండి?,తెలుగు నెలలలో రెండవ నెల వైశాఖం.
కాలమానం,500,రంజాన్ పండుగను ఎన్ని రోజులు జరుపుకుంటారు?,రంజాన్ పండుగను 29 లేదా 30 రోజులు జరుపుకుంటారు.
కాలాలు,100,గీత పుస్తకం చదువుతోంది. ఇది ఏ కాలం?,వర్తమాన కాలం.
కాలాలు,100,గీత పుస్తకం చదువుతోంది. ఇది ఏ కాలం?,వర్తమాన కాలం.
కాలాలు,200,"నిన్న, మొన్న పదాలు ఏ కాలాన్ని సూచిస్తున్నాయి?",భూత కాలం.
కాలాలు,200,రవి నిన్న లండన్‌ వెళ్ళాడు. ఇది ఏ కాలం?,భూత కాలం.
కాలాలు,300,ప్రస్తుతం చేస్తున్న పనుల గురించి తెలిపే కాలాన్ని ఏమంటారు?,వర్తమాన కాలం.
కాలాలు,300,రెండు నెలలకు ఎన్నిపక్షాలు ఉంటాయి?,రెండు నెలలకు నాలుగు పక్షాలు.
కాలాలు,400,జరిగిన పనుల గురించి చెప్పే కాలం ఏది?,భూత కాలం.
కాలాలు,400,లత రేపు హైదరాబాద్‌ వెళ్తుంది. ఇది ఏ కాలం?,భవిష్యత్తు కాలం.
కాలాలు,500,పరిమళ నిన్న బెంగుళూరు నుంచి వచ్చింది. ఈ వాక్యం ఏ కాలాన్ని సూచిస్తుంది?,భూత కాలం.
బంధుత్వాలు,100,అన్న భార్య నీకు పమవుతుంది?,అన్న భార్య నాకు వదిన అవుతుంది.
బంధుత్వాలు,100,అమ్మకి ఇంకో తెలుగు పదము ఏమిటి?,అమ్మకి ఇంకో తెలుగు పదము తల్లి/జనని/మాతృమూర్తి.
బంధుత్వాలు,100,అమ్మా నాన్నలకు ఇంకొక పేరు చెప్పండి?,అమ్మా నాన్నలకు ఇంకొక పేరు తల్లిదండ్రులు.
బంధుత్వాలు,100,అమ్ముమ్మ అని ఎవరిని పిలుస్తావు?,అమ్మ గారి అమ్మను అమ్ముమ్మ అని పిలుస్తాను.
బంధుత్వాలు,100,తాతకి తండ్రిని ఏమని పిలుస్తారు?,తాతకి తండ్రిని ముత్తాత అని పిలుస్తారు.
బంధుత్వాలు,100,నువ్వు మీ అమ్మానాన్నకి ఏమవుతావు?,నేను మా అమ్మానాన్నకి కూతురు/కొడుకు/పాప/బాబు అవుతాను.
బంధుత్వాలు,100,బాబాయి అని ఎవరిని పిలుస్తారు?,నాన్న తమ్ముడిని బాబాయి అని పిలుస్తారు.
బంధుత్వాలు,100,భార్య చెల్లెలిని ఏమని పిలుస్తారు?,భార్య చెల్లెలిని మరదలు అని పిలుస్తారు.
బంధుత్వాలు,100,మీ అమ్మ వాళ్ళ నాన్న నీకు ఏమవుతారు?,మా అమ్మ వాళ్ళ నాన్న నాకు తాత అవుతారు.
బంధుత్వాలు,100,మీ అమ్మగారి అమ్మను నువ్వు ఏమని పిలుస్తావు?,మా అమ్మ అమ్మను అమ్మమ్మ అని పిలుస్తాను.
బంధుత్వాలు,200,మీ తాతగారికి నువ్వు ఏమవుతావు?,మా తాతగారికి నేను మనుమడు/మనవరాలు అవుతాను.
బంధుత్వాలు,200,మీ నాన్న తమ్ముడు నీకేమవుతాడు?,మా నాన్న తమ్ముడు నాకు చిన్నాన్న/బాబాయి అవుతాడు.
బంధుత్వాలు,200,మీ పిన్నిగారికి నీకంటే చిన్నవాడైన కొడుకు ఉంటే నీకు ఏమవుతాడు?,తమ్ముడు. నా పిన్నిగారికి నాకంటే చిన్నవాడైన కొడుకు నాకు తమ్ముడు అవుతాడు.
బంధుత్వాలు,200,మీ మామయ్య కొడుకు నీకేమవుతాడు?,మా మామయ్య కొడుకు నాకు బావ అవుతాడు.
బంధుత్వాలు,300,అక్క భర్తని ఏమని పిలుస్తారు?,అక్క భర్తని బావ అని పిలుస్తారు.
బంధుత్వాలు,300,మనకన్నా పెద్దవాడైన పిన్ని కొడుకుని ఏమని పిలుస్తారు?,మనకన్నా పెద్దవాడైన పిన్ని కొడుకుని అన్న అని పిలుస్తారు.
బంధుత్వాలు,300,మీ అమ్మ అన్నయ్య నీకేమవుతారు?,మా అమ్మ అన్నయ్య నాకు మేనమామ/మావయ్య/మామ అవుతారు.
బంధుత్వాలు,400,కుంతీదేవి ద్రౌపదికి ఏమవుతుంది?,కుంతీదేవి ద్రౌపదికి అత్త/అత్తగారు అవుతుంది.
బంధుత్వాలు,400,కూతురి భర్తని ఏమంటారు?,కూతురి భర్తని అల్లుడు అంటారు.
బంధుత్వాలు,400,మీ అమ్మమ్మ భర్తని ఏమని పిలుస్తావు?,మా అమ్మమ్మ భర్తని తాతయ్య అని పిలుస్తాను.
బంధుత్వాలు,500,"నువ్వు అబ్బాయివి అయితే, మీ అక్క కొడుకు నీకు ఏమవుతాడు?","నేను అబ్బాయిని అయితే, మా అక్క కొడుకు నాకు మేనల్లుడు అవుతాడు."
బంధుత్వాలు,500,మీ నాన్నను 'అల్లుడు గారు' అని పిలిచే ఆవిడ మీకు ఏమౌతుంది?,మా నాన్నను 'అల్లుడుగారు' అని పిలిచే ఆవిడ మా అమ్మమ్మ.
బుతువులు,100,ఈ చిత్రంలో ఉన్న వస్తువుని ఏ బుతువు లో వాడుతారు?,ఈ చిత్రంలో ఉన్న వస్తువుని వర్షబుతువు / వర్షాకాలం లో వాడుతారు.
బుతువులు,100,బుతువులు ఎన్ని ఉన్నాయి?,బుతువులు ఆరు ఉన్నాయి.
బుతువులు,200,ఒక్కో బుతువులో ఎన్ని నెలలు ఉంటాయి?,ఒక్కో బుతువులో రెండు నెలలు ఉంటాయి.
బుతువులు,200,బాగా ఎండలు ఏ బుతువులో ఉంటాయి?,బాగా ఎండలు గ్రీష్మ బుతువులో ఉంటాయి.
బుతువులు,300,Spring ని తెలుగులో ఏ బుతువు అని అంటారు?,Spring ని తెలుగులో వసంత బుతువు అని అంటారు.
బుతువులు,300,ఉగాది పండుగ ఏ బుతువులో వస్తుంది?,ఉగాది పండుగ వసంత బుతువులో వస్తుంది.
బుతువులు,400,ఎండ ఎక్కువగా ఉండే బుతువు ఏమిటి?,ఎండ ఎక్కువగా ఉండే బుతువు గ్రీష్మ.
బుతువులు,400,సెప్టంబర్‌ నవంబర్‌ నెలలలో వచ్చే బుతువు పేరు చెప్పండి?,సెప్టంబర్‌ నవంబర్‌ నెలలలో వచ్చే బుతువు శరదృతువు.
బుతువులు,500,చివరి బుతువు పేరు చెప్పండి?,చివరి బుతువు పేరు శిశిర బుతువు.
బుతువులు,500,"భారత దేశములో శ్రావణ, భాద్రపద మాసాల్లో ఏ కాలం ఉంటుంది?","శ్రావణ, భాద్రపద మాసాల్లో వర్షాకాలం ఉంటుంది."
బుతువులు,500,మంచి వెన్నెల కాసేది ఏ బుతువులో?,మంచి వెన్నెల కాసేది శరదృతువులో.
బుతువులు-కాలాలు,200,'Fall' ను తెలుగులో ఏ కాలం తో పిలుస్తారు?,'Fall' ను తెలుగులో ఆకురాలు కాలం అని పిలుస్తారు.
బుతువులు-కాలాలు,300,ఒక బుతువు ఎన్ని నెలలపాటు ఉంటుంది?,ఒక బుతువు రెండు నెలలపాటు ఉంటుంది.
బుతువులు-కాలాలు,400,ఏ బుతువులో బాగా వేడిగా ఉంటుంది?,గ్రీష్మ బుతువులో బాగా వేడిగా ఉంటుంది.
బుతువులు-కాలాలు,500,సంక్రాంతి ఏ బుతువులో జరుపుకుంటారు?,సంక్రాంతి హేమంత బుతువులో జరుపుకుంటారు.
భాషాభాగాలు,100,రాముడు అను పదము ఏ భాషాభాగం? a) విశేషణం b) సర్వనామము c) నామవాచకం d) క్రియ,నామవాచకం
భాషాభాగాలు,100,భాషలో క్రియ పదం యొక్క ముఖ్య లక్షణం ఏమిటి? a) వ్యక్తిని సూచిస్తుంది b) స్థలాన్ని సూచిస్తుంది c) క్రియను సూచిస్తుంది d) వస్తువును సూచిస్తుంది,క్రియను సూచిస్తుంది
భాషాభాగాలు,100,క్రింది పదాలలో ఏది సర్వనామము? a) గురువు b) పాఠశాల c) ఆమె d) పుస్తకం,ఆమె
భాషాభాగాలు,100,క్రింది వాటిలో ఏది సర్వనామము కాదు? a) అది b) సీత c) అతడు d) ఇది,సీత
భాషాభాగాలు,100,ఆహా! తెలుగు భాష ఎంత బాగుందో! ఈ వాక్యంలో అవ్యయాన్ని గుర్తించండి. a) ఆహా! b) తెలుగు c) తెలుగు భాష d) ఎంత బాగుందో!,ఆహా!
భాషాభాగాలు,200,భాషాభాగాలు ఎన్ని? a) ఆరు b) రెండు c) ఒకటి d) ఐదు,ఆరు
భాషాభాగాలు,200,క్రింది వాటిలో ఏది విశేషణం కాదు? a) పెద్ద b) చిన్న c) పుస్తకం d) నీలం,పుస్తకం
భాషాభాగాలు,200,క్రింది వాటిలో ఏది క్రియా పదం కాదు? a) చదువు b) వ్రాయు c) పఠించు d) ఆమె,ఆమె
భాషాభాగాలు,200,క్రింది వాటిలో ఏది నామవాచకం? a) పఠించు b) పుస్తకం c) పెద్ద d) ఆడుతుంది,పుస్తకం
భాషాభాగాలు,200,మీరు మంచి విద్యార్థులు. మీరు ఏ భాషాభాగం? a) నామవాచకం b) సర్వనామం c) క్రియావిశేషణం d) విశేషణం,సర్వనామం
భాషాభాగాలు,200,క్రింది వాటిలో ఏది సర్వనామము కాదు? a) పుస్తకం b) ఆమె c) ఇది d) అది,పుస్తకం
భాషాభాగాలు,200,క్రింది వాటిలో సర్వనామం ఏది? a) సీత b) ఇది c) ఆమె d) ఇది,ఇది
భాషాభాగాలు,200,క్రింది పదాలలో ఏది నామవాచకం కాదు? a) పాఠశాల b) పుస్తకం c) గురువు d) ఆడుతుంది,ఆడుతుంది
భాషాభాగాలు,200,పేర్లను తెలియజేసే పదాలను ఏమంటారు? a) అవ్యయం b) క్రియ c) సర్వనామం d) నామవాచకం,నామవాచకం
భాషాభాగాలు,300,క్రింది వాటిలో క్రియా పదాన్ని గుర్తించండి. a) క్రియ b) తిను c) పొడవు d) రాముడు,తిను
భాషాభాగాలు,300,క్రింది వాటిలో ఏది క్రియ పదం కాదు? a) వ్రాయు b) చదువు c) పాఠశాల d) ఆడుతుంది,పాఠశాల
భాషాభాగాలు,300,క్రింది వాటిలో ఏది సర్వనామము కాదు? a) సీత b) అది c) ఆమె d) ఇది,సీత
భాషాభాగాలు,300,క్రింది వాటిలో ఏది సర్వనామము కాదు? a) పుస్తకం b) ఆమె c) ఇది d) అది,పుస్తకం
భాషాభాగాలు,300,క్రింది పదాలలో ఏది విశేషణం కాదు? a) పొట్టి b) పొడవు c) నీలం d) పెన్సిలు,పెన్సిలు
భాషాభాగాలు,300,క్రింది వాటిలో ఏది క్రియ పదం? a) పాడుతోంది b) పుస్తకం c) గురువు d) పెన్సిలు,పాడుతోంది
భాషాభాగాలు,300,క్రింది వాటిలో క్రియా విశేషణం ఏది? a) వేగంగా b) ఆహా! c) ఆమె d) తెల్లని,వేగంగా
భాషాభాగాలు,300,పనిని సూచించే పదాన్ని ఏమంటారు? a) క్రియ b) సర్వనామం c) నామవాచకం d) విశేషణం,క్రియ
భాషాభాగాలు,400,క్రింది వాటిలో ఏది సర్వనామము కాదు? a) సీత b) అది c) ఆమె d) ఇది,సీత
భాషాభాగాలు,400,క్రింది వాటిలో ఏది సర్వనామము? a) పుస్తకం b) పాఠశాల c) ఇది d) ఆమె,ఇది
భాషాభాగాలు,400,క్రింది వాటిలో ఏది నామవాచకం కాదు? a) పాఠశాల b) పుస్తకం c) గురువు d) ఆడుతుంది,ఆడుతుంది
భాషాభాగాలు,400,క్రింది పదాలలో ఏది విశేషణం? a) పెద్ద b) పుస్తకం c) గురువు d) పఠించు,పెద్ద
భాషాభాగాలు,400,క్రింది వాటిలో సర్వనామం ఏది? a) ఇది b) సీత c) ఆమె d) ఇది,ఇది
భాషాభాగాలు,400,క్రింది వాటిలో ఏది విశేషణం కాదు? a) పొడవు b) నీలం c) పొట్టి d) సీత,సీత
భాషాభాగాలు,400,క్రింది వాటిలో సర్వనామం ఏది? a) సీత b) ఇది c) పుస్తకం d) ఆమె,ఇది
భాషాభాగాలు,400,క్రింది వాటిలో ఏది సర్వనామము కాదు? a) పుస్తకం b) సీత c) ఇది d) ఆమె,సీత
భాషాభాగాలు,500,మీరు మంచి విద్యార్థులు. మంచి ఏ భాషాభాగం? a) విశేషణం b) సర్వనామం c) నామవాచకం d) క్రియావిశేషణం,విశేషణం
భాషాభాగాలు,500,క్రింది వాటిలో క్రియా పదాన్ని గుర్తించండి. a) పాఠశాల b) పాడుతోంది c) పుస్తకం d) పిహితం,పాడుతోంది
భాషాభాగాలు,500,అవ్యయాన్ని గుర్తించండి. a) భేష్ భేష్! b) ఆమె c) తిను d) పొడవు,భేష్ భేష్!
భాషాభాగాలు,500,లింగ విభక్తి లేని పదాన్ని ఏమంటారు? a) సర్వనామం b) అవ్యయం c) నామవాచకం d) విశేషణం,అవ్యయం
భాషాభాగాలు,500,క్రింది వాటిలో ఏది సర్వనామము కాదు? a) పుస్తకం b) సీత c) అది d) ఇది,సీత
భోజనం,100,Lunch® తెలుగులో పమంటారు?,Lunch® తెలుగులో మధ్యాహ్న భోజనం అంటారు.
భోజనం,100,ఉప్మా సాధారణంగా ఏ రవ్వతో చేస్తారు?,ఉప్మా సాధారణంగా గోధుమ లేదా బియ్యపు రవ్వతో చేస్తారు.
భోజనం,100,భోజనం తరవాత వేసుకునే తాంబూలంలో వాడే ఆకు పేరు ఏమిటి?,వీరు
భోజనం,100,వడగాలి పదంలో ఉన్న ఆహార పదార్థం పేరేమిటి?,వడగాలి పదంలో ఉన్న ఆహార పదార్థం వడ.
భోజనం,200,తెలుగువారు మామిడికాయ కాకుండా ఆవకాయ పెట్టడానికి వాడే పుల్లటి కాయ ఒకటి చెప్పండి?,నిమకాయ/ఉసిరికాయ/దోసకాయ/దబ్బకాయ
భోజనం,200,పంచదార ఏ రుచిలో ఉంటుంది?,పంచదార తియ్యగా ఉంటుంది.
భోజనం,200,ముక్కలపులుసులో పులుపు కోసం వాడే ఒక పదార్ధం చెప్పండి?,చింతపండు/నిమకాయ/మామిడి కాయ
భోజనం,200,"వింటే భారతం వినాలి, తింటే ఇవే తినాలి అని ఒక నానుడి","వింటే భారతం వినాలి, తింటే గారెలు తినాలి."
భోజనం,300,అన్నంలో కలుపుకుని తినే 'రసం'కి మరో పేరు ఏమిటి?,అన్నంలో కలుపుకుని తినే రసం మరో పేరు చారు/పప్పుచారు.
భోజనం,300,భోజనం తయారు చెయ్యడం అంటే ఏమిటి?,భోజనం తయారు చెయ్యడం అంటే వంట చేయడం.
భోజనం,300,వినాయకచవితి రోజు ప్రత్యేకంగా తయారు చేసే వంటకం ఒకటి చెప్పండి?,కుడుములు/ఉంద్రాళ్ళు
భోజనం,300,వెన్న కాగబెడితే ఏమి తయారవుతుంది?,వెన్న కాగబెడితే నెయ్యి తయారవుతుంది.
భోజనం,400,తెలుగువారు భోజనం అయ్యాక తమలపాకుతో పాటు వేసుకునే పొడి ఏమిటి?,వక్కపొడి/పొకచెక్క.
భోజనం,400,పాలను పెరుగు చేయడానికి ఏం చేస్తారు?,పాలను పెరుగు చేయడానికి తోడు పెడతారు.
భోజనం,400,"బంగినపల్లి, నూజివీడు, అల్ఫోన్సో: ఇవి ఏ పండ్ల రకాలు?",మామిడి పండ్ల రకాలు.
భోజనం,400,శాకాహారులు అని ఎవరిని అంటారు?,శాకాలు మాత్రమే ఆహారంగా తీసుకునే వారిని శాకాహారులు అంటారు.
భోజనం,500,ఆంధ్ర శాకాంబరి అని దేనిని పిలుస్తారు?,ఆంధ్ర శాకాంబరి అని గొంగూరని పిలుస్తారు.
భోజనం,500,ఆవకాయ పచ్చడిని ఏ కాయలతో చేస్తారు?,మామిడి కాయలతో ఆవకాయ పచ్చడి చేస్తారు.
భోజనం,500,ఈ చిత్రం లో కనిపించే భోజన పదార్థాన్ని పమంటారు?,ఈ చిత్రం లో కనిపించే భోజన పదార్థాన్ని లడ్డు అంటారు.
భోజనం,500,తిరుపతిలో ప్రసాదంగా ఇచ్చే లడ్డూల తయారీలో వాడే పిండి పేరు ఏమిటి?,తిరుపతిలో ప్రసాదంగా ఇచ్చే లడ్డూల తయారీలో వాడే పిండి పేరు శెనగపిండి.
భోజనం,500,సంకటి ఏ చిరుధాన్యంతో చేస్తారు?,సంకటి రాగులు/జొన్నలతో చేస్తారు.
భోజనాలు,100,పెరుగుని దేనితో తయారు చేస్తారు?,పెరుగుని పాలతో తయారు చేస్తారు.
భోజనాలు,200,పాలను తోడు లేదా చల్ల వేస్తే ఏమి తయారు అవుతుంది?,పాలను తోడు లేదా చల్ల వేస్తే పెరుగు తయారు అవుతుంది.
భోజనాలు,200,లడ్డూ ఎక్కువగా ఏ రంగులో ఉంటుంది?,లడ్డూ ఎక్కువగా పసుపు రంగులో ఉంటుంది.
భోజనాలు,300,పాయసం ఏ రుచిలో ఉంటుంది?,పాయసం తియ్యగా ఉంటుంది.
భోజనాలు,300,రాత్రి భోజనాన్ని ఇంగ్లీషులో ఏమంటారు?,రాత్రి భోజనాన్ని ఇంగ్లీషులో Dinner అంటారు.
భోజనాలు,400,Cooking ని తెలుగులో ఏమంటారు?,Cooking ను తెలుగులో వంట అంటారు.
భోజనాలు,500,"కమ్మగా, ఘుమఘుమగా ఉండడానికి అన్నంలో ఏం కలుపుతారు?","కమ్మగా, ఘుమఘుమగా ఉండడానికి అన్నంలో నెయ్యి కలుపుతారు."
భోజనాలు,500,దేనిని వేడి చేస్తే నెయ్యి తయారవుతుంది?,వెన్నని వేడి చేస్తే నెయ్యి తయారవుతుంది.
వస్తువులు,100,net - దీనిని తెలుగులో పమంటారు?,net@™ తెలుగులో వల అంటారు.
వస్తువులు,100,OIL - తెలుగులో ఏమంటారు?,OIL ని తెలుగులో నూనె అంటారు.
వస్తువులు,100,"చెట్టు, చెక్క నరకట్లానికి ఏ వస్తువును వాడతారు?","చెట్టు, చెక్క నరకటానికి గొడ్డలి లేదా రంపము వాడతారు."
వస్తువులు,100,పుస్తకంలో వ్రాసుకోవడానికి ఏ వస్తువు ఉపయోగిస్తారు? (తెలుగులో War.),పుస్తకంలో వ్రాయడానికి కలము ఉపయోగిస్తారు.
వస్తువులు,100,బర దేనికి ఉపయోగిస్తారు?,ఒరలో కత్తి పెట్టుకోవడానికి ఉపయోగిస్తారు.
వస్తువులు,100,మనుష్యులు ఈ చిత్రంలోని వస్తువు ఎక్కడ ధరిస్తారు?,మనుష్యులు దీనిని తల / నెత్తి / శిరస్సున ధరిస్తారు.
వస్తువులు,200,washing machine తో ఏం చేస్తారు?,washing machine తో బట్టలు ఉతుకుతారు.
వస్తువులు,200,ఇంటికి తాళం ఎందుకు వెయ్యాలి?,భద్రత కోసం / దొంగలు పడకుండా ఇంటికి తాళం వెయ్యాలి.
వస్తువులు,200,ఛత్రము - ఇంగ్లీషు పేరు చెప్పండి.,ఛత్రము - ఇంగ్లీషు పేరు umbrella.
వస్తువులు,300,Gun ని తెలుగులో ఏమని అంటారు?,Gun ని తెలుగులో తుపాకి అంటారు.
వస్తువులు,300,Tap® తెలుగులో ఏమంటారు?,Tap® తెలుగులో కుళాయి/నల్లా అంటారు.
వస్తువులు,300,wallclock® ఎక్కడ పెడతారు? (తెలుగు మాట చెప్పాలి),wallclock® గోడకి పెడతారు.
వస్తువులు,300,దోసెలు వెయ్యడానికి వాడే ఇనప వస్తువుని తెలుగులో ఏమంటారు?,"దోసెలు వెయ్యడానికి, మంట మీద పెట్టే ఇనప వస్తువుని 'పెనం / ఇనుప తగడు' అంటారు."
వస్తువులు,400,గోడలో మేకులు కొట్టడానికి సాధారణంగా వాడే వస్తువు ఏమిటి?,గోడలో మేకులు కొట్టడానికి సాధారణంగా వాడే వస్తువు 'సుత్తి / సమ్మెట'.
వస్తువులు,500,దోశలకు పెనంతో పాటుగా ఏ వస్తువు తప్పనిసరి?,దోశలకు పెనంతో పాటుగా అట్లకాడ తప్పనిసరి.
వస్తువులు-పనులు,100,ఆకాశ మార్గాన ప్రయాణం చేయాలంటే ఏ వాహనంలో వెళ్తారు?,ఆకాశ మార్గాన ప్రయాణం చేయాలంటే విమానంలో వెళ్తారు.
వస్తువులు-పనులు,100,కలంతో ఏం చేస్తారు?,కలంతో రాసుకుంటారు.
వస్తువులు-పనులు,100,వానాకాలంలో ఎక్కువగా వాడే వస్తువు ఏది?,వానాకాలంలో ఎక్కువగా వాడే వస్తువు గొడుగు.
వస్తువులు-పనులు,200,పుస్తకంలో వ్రాయడానికి ఏం కావాలి?,పుస్తకంలో వ్రాయడానికి కలం/పెన్సిల్ కావాలి.
వస్తువులు-పనులు,200,భూమి దున్నడానికి వాడే వస్తువు ఏమిటి?,భూమి దున్నడానికి వాడే వస్తువు నాగలి.
వస్తువులు-పనులు,300,వరి/పొలంలో మొక్కలు కోయడానికి వాడే వస్తువు ఏమిటి?,వరి/పొలంలో మొక్కలు కోయడానికి వాడే వస్తువు కొడవలి.
వస్తువులు-పనులు,400,గుర్రంతో లాగే బండిని పమంటారు?,గుర్రంతో లాగే బండిని రథం అంటారు.
వస్తువులు-పనులు,500,మెట్లు ఎక్కకుండా పైకి వెళ్లడానికి దేనిని ఉపయోగిస్తారు?,మెట్లు ఎక్కకుండా పైకి వెళ్లడానికి ఎలివేటర్ ఉపయోగిస్తారు.
వస్తువులు-వచనాలు,100,నదులు. దీనికి పకవచనం చెప్పండి.,నదులు. దీనికి పకవచనం నది.
వస్తువులు-వచనాలు,200,మనిషికి బహువచనం చెప్పండి.,మనిషికి బహువచనం మనుషులు.
వస్తువులు-వచనాలు,300,ఒకటి కన్న ఎక్కువ వస్తువులను తెలిపే వచనాన్ని పమంటారు?,ఒకటి కన్న ఎక్కువ వస్తువులను తెలిపే వచనాన్ని బహువచనం అంటారు.
వస్తువులు-వచనాలు,400,రాయికి బహువచనం ఏమిటి?,రాయికి బహువచనం రాళ్ళు.
వస్తువులు-వచనాలు,500,కవికి బహువచనం చెప్పండి.,కవికి బహువచనం కవులు.
వాతావరణం,100,ఎండలు ఎక్కువగా ఏ బుతువులో కాస్తాయి?,ఎండలు ఎక్కువగా గ్రీష్మ బుతువులో.
వాతావరణం,200,కాలముల పేర్లు ఏమిటి?,"వేసవి కాలము, వర్షాకాలము, మరియు చలి కాలము."
వాతావరణం,300,చెట్లు ఏ బుతువులో చిగురిస్తాయి?,చెట్లు వసంత బుతువులో చిగురిస్తాయి.
వాతావరణం,400,మంచు ఏ బుతువులో కురుస్తుంది?,మంచు శీత బుతువులో కురుస్తుంది.
వాతావరణం,500,ఏ బుతువులో వర్షాలు ఎక్కువగా కురుస్తాయి?,వర్ష బుతువులో వర్షాలు ఎక్కువగా కురుస్తాయి.
వారములు,100,ఎన్ని రోజులు అయితే ఒక వారం అవుతుంది?,ఒక వారం ఏడు రోజులు ఉంటుంది.
వారములు,100,ఒక వారంలో ఎన్ని గురువారాలు వస్తాయి?,ఒక వారంలో ఒక గురువారం మాత్రమే వస్తుంది.
వారములు,200,"Tuesday, Friday - తెలుగులో చెప్పండి.","Tuesday - మంగళవారం, Friday - శుక్రవారం."
వారములు,200,బుధవారానికి ఒకరోజు ముందు రోజు?,బుధవారానికి ఒకరోజు ముందు మంగళవారం వస్తుంది.
వారములు,300,గురువారం ఒకరోజు తరువాత ఏ రోజు వస్తుంది?,గురువారం ఒకరోజు తరువాత శుక్రవారం వస్తుంది.
వారములు,300,రేపు బుధవారం అయితే మొన్న ఏ వారం?,రేపు బుధవారం అయితే మొన్న ఆదివారం.
వారములు,400,ఈ రోజు శనివారం అయితే ఆవల ఎల్లుండి ఏ వారం?,ఈ రోజు శనివారం అయితే ఆవల ఎల్లుండి మంగళవారం.
వారములు,400,ఒక మాసంలో ఎన్ని వారాలు ఉంటాయి?,ఒక మాసంలో నాలుగు వారాలు ఉంటాయి.
వారములు,500,"Tomorrow, Day After Tomorrow - తెలుగులో చెప్పండి.","Tomorrow - రేపు, Day After Tomorrow - ఎల్లుండి."
వారములు,500,నిన్నకు నిన్నని ఏమని పిలుస్తారు?,నిన్నకు నిన్నని మొన్న అని పిలుస్తారు.
వారాలు,100,ఇవాళ ఏ వారము?,ఇవాళ [ఆట ఆడే రోజు యొక్క వారం].
వారాలు,200,'గుడ్‌ ఫ్రైడే' ఏ వారం వస్తుంది?,'గుడ్‌ ఫ్రైడే' శుక్రవారం వస్తుంది.
వారాలు,300,ఈ రోజు మంగళవారం అయితే ఎల్లుండి ఏ వారం?,ఈ రోజు మంగళవారం అయితే ఎల్లుండి గురువారం.
వారాలు,400,వారాంతం అయిపోయిన తరువాత మొదటి రోజు ఏమిటి?,వారాంతం అయిపోయిన తరువాత మొదటి రోజు సోమవారం.
వారాలు,500,ఒక సంవత్సరంలో ఎన్ని వారాలు ఉంటాయి?,ఒక సంవత్సరంలో 52 వారాలు ఉంటాయి.
వారాలు-నెలలు,100,"April 5 బుధవారం అయితే, April 6 ఏ వారం?",April 6 గురువారం అవుతుంది.
వారాలు-నెలలు,100,నిన్నకు నిన్నని ఏమని పిలుస్తారు?,నిన్నకు నిన్నని 'మొన్న' అని పిలుస్తారు.
వారాలు-నెలలు,100,పౌర్ణమి నుంచి అమావాస్య వరకు ఉండే 15 రోజులను ఏ పక్షం అంటారు?,కృష్ణ పక్షం అంటారు.
వారాలు-నెలలు,100,రోజుకి ఎన్ని గంటలు ఉంటాయి?,రోజుకి ఇరవై నాలుగు గంటలు ఉంటాయి.
వారాలు-నెలలు,100,వారానికి ఎన్ని శనివారాలు ఉంటాయి?,వారానికి ఒకే ఒక్క శనివారం ఉంటుంది.
వారాలు-నెలలు,200,తెలుగు నక్షత్రాలలో మొదటి నక్షత్రం ఏది?,తెలుగు నక్షత్రాలలో మొదటి నక్షత్రం 'అశ్వని.'
వారాలు-నెలలు,200,నెలకి గల మరొక పేరు. 'మా' తో మొదలవుతుంది.,నెలకి గల మరొక పేరు మాసం.
వారాలు-నెలలు,200,మాసం అంటే ఏమిటి?,మాసం అంటే నెల.
వారాలు-నెలలు,200,వారంలో ఎన్ని నెలలు ఉంటాయి?,ఒక సంవత్సరంలో పన్నెండు నెలలు ఉంటాయి.
వారాలు-నెలలు,300,వారంలో నాలుగవ రోజు పేరేమిటి?,వారంలో నాలుగవ రోజు బుధవారం.
వారాలు-నెలలు,300,"శుక్ల, కృష్ణ పక్షాలు కలిపితే ఎన్ని రోజులు ఉంటాయి?","శుక్ల, కృష్ణ పక్షాలు కలిపితే 30 రోజులు ఉంటాయి."
వారాలు-నెలలు,300,సోమవారానికి ఎల్లుండి ఏ వారం అవుతుంది?,సోమవారానికి ఎల్లుండి బుధవారం అవుతుంది.
వారాలు-నెలలు,400,ఉగాది ఏ తెలుగు నెలలో వస్తుంది?,ఉగాది చైత్రం నెలలో వస్తుంది.
వారాలు-నెలలు,400,ఒక నెలలో ఎన్ని పక్షాలు ఉంటాయి?,ఒక నెలలో రెండు పక్షాలు ఉంటాయి.
వారాలు-నెలలు,400,తెలుగు నెలలలో మొదటి నెల పేరేమిటి?,తెలుగు నెలలలో మొదటి నెల చైత్రము.
వారాలు-నెలలు,500,కొత్తగా పెళ్లయిన వారు ఆకాశంలో ఏ నక్షత్రాన్ని చూస్తారు?,కొత్తగా పెళ్లయిన వారు ఆకాశంలో అరుంధతి నక్షత్రం చూస్తారు.
వారాలు-నెలలు,500,తెలుగు నెలల ప్రకారం ఒక తెలుగు సంవత్సరం ఆంగ్ల సంవత్సరానికి ఎన్ని రోజులు తక్కువ? ఈ రోజులను కలిపి వేసే నెలను ఏమని పిలుస్తారు?,తెలుగు సంవత్సరం ఆంగ్ల సంవత్సరం కంటే 11 1/4 రోజులు తక్కువ ఉంటుంది. ఈ రోజులను కలిపి వేసే నెలను 'అధిక మాసం' లేదా 'మైల మాసం' అని పిలుస్తారు.
వాహనాలు,100,ఆకాశ మార్గాన ప్రయాణం చేయాలంటే ఏ వాహనంలో వెళ్తారు?,ఆకాశ మార్గాన ప్రయాణం చేయాలంటే విమానంలో వెళ్తారు.
వాహనాలు,200,"ఏ ఇంధనం కానీ, జంతువు కానీ అవసరం లేకుండా నడిచే వాహనం ఒకటి చెప్పండి?",సైకిల్.
వాహనాలు,300,నౌకలు/ఓడలు ఆగే ప్రదేశాన్ని ఏమంటారు?,నౌకలు/ఓడలు ఆగే ప్రదేశాన్ని రేవు/నౌకాశ్రయం అంటారు.
వాహనాలు,400,"ఈ మధ్యకాలం లో టైటానిక్‌ నౌకను చూడడానికి వెళ్తూ, సముద్రంలో పేలిపోయిన 'టైటన్' ఎటువంటి వాహనం?",టైటన్‌ ఒక జలాంతరామి (సబ్‌మెరైన్‌).
వాహనాలు,500,Space X సంస్థ ఎటువంటి వాహనాలని తయారు చేస్తుంది?,Space X సంస్థ వ్యోమ నౌకలు/అంతరిక్ష నౌకలు తయారు చేస్తుంది.
శరీరం,100,దుర్గంధాన్ని తెలియజేసే శరీరభాగం ఏది?,దుర్గంధాన్ని తెలియజేసే శరీరభాగం ముక్కు.
శరీరం,200,అభయం లేక దీవెన ఇవ్వడానికి వాడే శరీరభాగం ఏది?,అభయం లేక దీవెన ఇవ్వడానికి వాడే శరీరభాగం చేయి/హస్తం.
శరీరం,300,పారాణి పెట్టుకునే భాగం ఏది?,పారాణి పెట్టుకునే భాగం పొదం.
శరీరం,400,Tuberculosis వ్యాధిని తెలుగులో ఏమంటారు?,Tuberculosis వ్యాధిని తెలుగులో క్షయ వ్యాధి అంటారు.
శరీరభాగాలు,100,"\Hands\"" ను తెలుగులో పమంటారు?""","\Hands\"" ను తెలుగులో 'చేతులు' అంటారు."""
శరీరభాగాలు,100,గాలి పీల్చుకోవటానికి / వాసన చూడటానికి ఏ శరీరభాగం కావాలి?,గాలి పీల్చుకోవటానికి / వాసన చూడటానికి 'ముక్కు' కావాలి.
శరీరభాగాలు,100,మనకు రుచి దేని వలన తెలుస్తుంది?,మనకు రుచి నాలుక వలన తెలుస్తుంది.
శరీరభాగాలు,100,మనిషికి ఎన్ని చేతులు ఉంటాయి?,మనిషికి రెండు చేతులు ఉంటాయి.
శరీరభాగాలు,100,మెడకి ఇంకో పేరు ఏమిటి?,మెడకి ఇంకో పేరు 'కంఠం' / 'గ్రీవము'.
శరీరభాగాలు,100,లంగ్స్‌ ని తెలుగులో ఏమంటారు?,లంగ్స్‌ ని తెలుగులో 'ఊపిరితిత్తులు' / 'శ్వాసకోశాలు' అని అంటారు.
శరీరభాగాలు,100,సూర్యుడిని నేరుగా చూడటం వల్ల ఏ అవయవం దెబ్బతింటుంది?,సూర్యుడిని నేరుగా చూడటం వల్ల 'కళ్ళు' దెబ్బతింటాయి.
శరీరభాగాలు,200,"చేదు, తీపి తేడా చెప్పే శరీరభాగం ఏమిటి?","చేదు, తీపి తేడా చెప్పే శరీరభాగం 'నాలుక'."
శరీరభాగాలు,200,నువ్వు వేటి తో చూడగలవు?,నేను కళ్ళతో చూడగలను.
శరీరభాగాలు,200,మనిషికి ఎన్ని కాళ్ళు ఉంటాయి?,మనిషికి రెండు కాళ్ళు ఉంటాయి.
శరీరభాగాలు,200,శిరము అంటే ఏ శరీర భాగము?,శిరము అంటే 'తల'.
శరీరభాగాలు,300,"\Face\"" ను తెలుగులో పమంటారు?""","\Face\"" ను తెలుగులో 'ముఖము' అంటారు."""
శరీరభాగాలు,300,కర్ణము అంటే ఏ శరీర భాగము?,కర్ణము అంటే 'చెవి'.
శరీరభాగాలు,300,మనిషి గుండె ఏ వైపు ఉంటుంది?,మనిషి గుండె ఎడమ వైపున ఉంటుంది.
శరీరభాగాలు,400,Skull ని తెలుగులో ఏమని అంటారు?,Skull ని తెలుగులో 'పుర్రె' / 'కపాలము' అంటారు.
శరీరభాగాలు,400,చెవి వేళ్ళ లో Little Finger / Pinky ని తెలుగులో పమంటారు?,చెవి వేళ్ళలో Little Finger / Pinky ని 'చిటికెన వేలు' అంటారు.
శరీరభాగాలు,500,Fist ని తెలుగులో పమంటారు?,Fist ని తెలుగులో 'పిడికిలి' అంటారు.
శరీరభాగాలు,500,చెవికి కమ్మలు లేదా కుండలాలు పెట్టుకునే భాగాన్ని పమంటారు?,చెవికి కమ్మలు లేదా కుండలాలు పెట్టుకునే భాగాన్ని 'చెవి పొర' అంటారు.
శరీరభాగాలు,500,పాదం వెనుక భాగాన్ని పమంటారు?,పాదం వెనుక భాగాన్ని 'మడమ' అంటారు.
శరీరభాగాలు,500,వద్దాణము పెట్టుకునే శరీర భాగాన్ని పమంటారు?,వద్దాణము పెట్టుకునే శరీర భాగాన్ని 'నడుము' అంటారు.
సమయం,100,రోజులో చంద్రుడు సాధారణంగా ఎప్పుడు కనిపిస్తాడు?,రోజులో చంద్రుడు సాధారణంగా రాత్రి భాగంలో కనిపిస్తాడు.
సమయం,200,నిముషానికి ఎన్ని క్షణాలు? తెలుగులో చెప్పాలి.,నిముషానికి అరవై క్షణాలు.
సమయం,300,రోజుకు ఎన్ని గంటలు? తెలుగులో చెప్పాలి.,రోజుకు ఇరవై నాలుగు గంటలు.
సమయం,400,ఒక గంటలో ఎన్ని క్షణాలు ఉంటాయి? తెలుగులో చెప్పాలి.,ఒక గంటలో 3600 క్షణాలు ఉంటాయి.
సమయం,500,సూర్య నమస్కారం ఎప్పుడు చేస్తారు?,సూర్య నమస్కారం ప్రొద్దున / సూర్యోదయం అప్పుడు చేస్తారు.